RKTools	rk/Linux/RKTools
android.rk.platform.system.rk_tee_user	rk/Android/35xx_Android14/rk-tee-user
android.rk.u-boot	rk/Android/35xx_Android14/rk/u-boot
android/apps/RkAuth	rk/Android/35xx_Android14/android/apps/RkAuth
build/make	rk/Android/35xx_Android14/build/make
device/google/atv	rk/Android/35xx_Android14/device/google/atv
device/sample	rk/Android/35xx_Android14/device/sample
docs/android	rk/Android/35xx_Android14/docs/android
docs/common	rk/Linux/docs/common
external/camera_engine_rkaiq	rk/Android/35xx_Android14/external/camera_engine_rkaiq
external/wifi_driver	rk/Android/35xx_Android14/external/wifi_driver
kernel/configs	rk/Android/35xx_Android14/kernel/configs
kernel/prebuilts/5.10/arm64	rk/Android/35xx_Android14/kernel/prebuilts/5.10/arm64
kernel/prebuilts/6.1/arm64	rk/Android/35xx_Android14/kernel/prebuilts/6.1/arm64
kernel/prebuilts/common-modules/virtual-device/5.10/arm64	rk/Android/35xx_Android14/kernel/prebuilts/common-modules/virtual-device/5.10/arm64
kernel/tests	rk/Android/35xx_Android14/kernel/tests
linux.app.lvgl_demo	rk/Linux/app/lvgl_demo
linux.app.rkipc	rk/Linux/app/rkipc
linux.app.rkpartybox	rk/Linux/app/rkpartybox
linux.app.web-new.ipcweb-backend	rk/Linux/app/web-new/ipcweb-backend
linux.bsp.docs	rk/Linux/bsp/docs
linux.bsp.internal_doc	rk/Linux/bsp/internal_doc
linux.bsp.rkadk	rk/Linux/bsp/rkadk
linux.build	rk/Linux/build
linux.buildroot	rk/Linux/buildroot
linux.debian	rk/Linux/debian
linux.device.rockchip	rk/Linux/device/rockchip
linux.drm-cursor	rk/Linux/drm-cursor
linux.external.alsa-config	rk/Linux/external/alsa-config
linux.external.camera_engine_rkaiq	rk/Linux/external/camera_engine_rkaiq
linux.external.chromium	rk/Linux/external/chromium
linux.external.common_algorithm	rk/Linux/external/common_algorithm
linux.external.dpdk	rk/Linux/external/dpdk
linux.external.minilogger	rk/Linux/external/minilogger
linux.external.rk_ethercat_release	rk/Linux/external/rk_ethercat_release
linux.external.rk_pcba_test	rk/Linux/external/rk_pcba_test
linux.external.rkscript	rk/Linux/external/rkscript
linux.external.rktoolkit	rk/Linux/external/rktoolkit
linux.external.rkupdate	rk/Linux/external/rkupdate
linux.external.rkwifibt	rk/Linux/external/rkwifibt
linux.external.rkwifibt-app	rk/Linux/external/rkwifibt-app
linux.external.rockit_uvc	rk/Linux/external/rockit_uvc
linux.external.uac_app	rk/Linux/external/uac_app
linux.external.uvc_app	rk/Linux/external/uvc_app
linux.gstreamer-rockchip	rk/Linux/gstreamer-rockchip
linux.ipc.media.avs	rk/Linux/ipc/media/avs
linux.ipc.media.iva	rk/Linux/ipc/media/iva
linux.ipc.media.samples	rk/Linux/ipc/media/samples
linux.libmali	rk/Linux/libmali
linux.linux-rga	rk/Linux/rga
linux.poky	rk/Linux/poky
linux.recovery	rk/Linux/recovery
linux.rkfsmk	rk/Linux/rkfsmk
linux.rockchip-test	rk/Linux/rockchip-test
linux.rockit	rk/Linux/rockit
linux.security.bin	rk/Linux/security/bin
linux.tools	rk/Linux/tools
linux.ubuntu	rk/Linux/ubuntu
linux.xserver	rk/Linux/xserver
linux.yocto.meta-browser	rk/Linux/yocto/meta-browser
linux.yocto.meta-clang	rk/Linux/yocto/meta-clang
linux.yocto.meta-openembedded	rk/Linux/yocto/meta-openembedded
linux.yocto.meta-rockchip	rk/Linux/yocto/meta-rockchip
linux/linux-rga	rk/Linux/rk/rga
platform/art	rk/Android/35xx_Android14/platform/art
platform/bionic	rk/Android/35xx_Android14/platform/bionic
platform/bootable/libbootloader	rk/Android/35xx_Android14/platform/bootable/libbootloader
platform/bootable/recovery	rk/Android/35xx_Android14/platform/bootable/recovery
platform/bootable/recovery/mtd_utils	rk/Android/35xx_Android14/platform/bootable/recovery/mtd_utils
platform/bootable/recovery/rk_update	rk/Android/35xx_Android14/platform/bootable/recovery/rk_update
platform/bootable/recovery/rk_utility	rk/Android/35xx_Android14/platform/bootable/recovery/rk_utility
platform/build	rk/Android/35xx_Android14/platform/build
platform/build/bazel	rk/Android/35xx_Android14/platform/build/bazel
platform/build/bazel_common_rules	rk/Android/35xx_Android14/platform/build/bazel_common_rules
platform/build/blueprint	rk/Android/35xx_Android14/platform/build/blueprint
platform/build/orchestrator	rk/Android/35xx_Android14/platform/build/orchestrator
platform/build/pesto	rk/Android/35xx_Android14/platform/build/pesto
platform/build/soong	rk/Android/35xx_Android14/platform/build/soong
platform/cts	rk/Android/35xx_Android14/platform/cts
platform/dalvik	rk/Android/35xx_Android14/platform/dalvik
platform/developers/build	rk/Android/35xx_Android14/platform/developers/build
platform/developers/demos	rk/Android/35xx_Android14/platform/developers/demos
platform/developers/samples/android	rk/Android/35xx_Android14/platform/developers/samples/android
platform/development	rk/Android/35xx_Android14/platform/development
platform/external/AFLplusplus	rk/Android/35xx_Android14/platform/external/AFLplusplus
platform/external/ComputeLibrary	rk/Android/35xx_Android14/platform/external/ComputeLibrary
platform/external/FP16	rk/Android/35xx_Android14/platform/external/FP16
platform/external/FXdiv	rk/Android/35xx_Android14/platform/external/FXdiv
platform/external/ImageMagick	rk/Android/35xx_Android14/platform/external/ImageMagick
platform/external/MPAndroidChart	rk/Android/35xx_Android14/platform/external/MPAndroidChart
platform/external/OpenCL-CTS	rk/Android/35xx_Android14/platform/external/OpenCL-CTS
platform/external/OpenCSD	rk/Android/35xx_Android14/platform/external/OpenCSD
platform/external/TestParameterInjector	rk/Android/35xx_Android14/platform/external/TestParameterInjector
platform/external/XNNPACK	rk/Android/35xx_Android14/platform/external/XNNPACK
platform/external/aac	rk/Android/35xx_Android14/platform/external/aac
platform/external/abseil-cpp	rk/Android/35xx_Android14/platform/external/abseil-cpp
platform/external/android-clat	rk/Android/35xx_Android14/platform/external/android-clat
platform/external/android-key-attestation	rk/Android/35xx_Android14/platform/external/android-key-attestation
platform/external/android-nn-driver	rk/Android/35xx_Android14/platform/external/android-nn-driver
platform/external/androidplot	rk/Android/35xx_Android14/platform/external/androidplot
platform/external/angle	rk/Android/35xx_Android14/platform/external/angle
platform/external/ant-glob	rk/Android/35xx_Android14/platform/external/ant-glob
platform/external/antlr	rk/Android/35xx_Android14/platform/external/antlr
platform/external/apache-commons-bcel	rk/Android/35xx_Android14/platform/external/apache-commons-bcel
platform/external/apache-commons-compress	rk/Android/35xx_Android14/platform/external/apache-commons-compress
platform/external/apache-commons-io	rk/Android/35xx_Android14/platform/external/apache-commons-io
platform/external/apache-commons-lang	rk/Android/35xx_Android14/platform/external/apache-commons-lang
platform/external/apache-commons-math	rk/Android/35xx_Android14/platform/external/apache-commons-math
platform/external/apache-harmony	rk/Android/35xx_Android14/platform/external/apache-harmony
platform/external/apache-http	rk/Android/35xx_Android14/platform/external/apache-http
platform/external/apache-velocity-engine	rk/Android/35xx_Android14/platform/external/apache-velocity-engine
platform/external/apache-xml	rk/Android/35xx_Android14/platform/external/apache-xml
platform/external/arm-neon-tests	rk/Android/35xx_Android14/platform/external/arm-neon-tests
platform/external/arm-optimized-routines	rk/Android/35xx_Android14/platform/external/arm-optimized-routines
platform/external/arm-trusted-firmware	rk/Android/35xx_Android14/platform/external/arm-trusted-firmware
platform/external/armnn	rk/Android/35xx_Android14/platform/external/armnn
platform/external/auto	rk/Android/35xx_Android14/platform/external/auto
platform/external/autotest	rk/Android/35xx_Android14/platform/external/autotest
platform/external/avb	rk/Android/35xx_Android14/platform/external/avb
platform/external/bazel-skylib	rk/Android/35xx_Android14/platform/external/bazel-skylib
platform/external/bazelbuild-kotlin-rules	rk/Android/35xx_Android14/platform/external/bazelbuild-kotlin-rules
platform/external/bazelbuild-rules_android	rk/Android/35xx_Android14/platform/external/bazelbuild-rules_android
platform/external/bazelbuild-rules_license	rk/Android/35xx_Android14/platform/external/bazelbuild-rules_license
platform/external/bc	rk/Android/35xx_Android14/platform/external/bc
platform/external/bcc	rk/Android/35xx_Android14/platform/external/bcc
platform/external/blktrace	rk/Android/35xx_Android14/platform/external/blktrace
platform/external/boringssl	rk/Android/35xx_Android14/platform/external/boringssl
platform/external/bouncycastle	rk/Android/35xx_Android14/platform/external/bouncycastle
platform/external/bpftool	rk/Android/35xx_Android14/platform/external/bpftool
platform/external/brotli	rk/Android/35xx_Android14/platform/external/brotli
platform/external/bsdiff	rk/Android/35xx_Android14/platform/external/bsdiff
platform/external/bzip2	rk/Android/35xx_Android14/platform/external/bzip2
platform/external/caliper	rk/Android/35xx_Android14/platform/external/caliper
platform/external/capstone	rk/Android/35xx_Android14/platform/external/capstone
platform/external/catch2	rk/Android/35xx_Android14/platform/external/catch2
platform/external/cblas	rk/Android/35xx_Android14/platform/external/cblas
platform/external/cbor-java	rk/Android/35xx_Android14/platform/external/cbor-java
platform/external/chromium-trace	rk/Android/35xx_Android14/platform/external/chromium-trace
platform/external/chromium-webview	rk/Android/35xx_Android14/platform/external/chromium-webview
platform/external/clang	rk/Android/35xx_Android14/platform/external/clang
platform/external/cldr	rk/Android/35xx_Android14/platform/external/cldr
platform/external/cn-cbor	rk/Android/35xx_Android14/platform/external/cn-cbor
platform/external/compiler-rt	rk/Android/35xx_Android14/platform/external/compiler-rt
platform/external/connectedappssdk	rk/Android/35xx_Android14/platform/external/connectedappssdk
platform/external/conscrypt	rk/Android/35xx_Android14/platform/external/conscrypt
platform/external/cpu_features	rk/Android/35xx_Android14/platform/external/cpu_features
platform/external/cpuinfo	rk/Android/35xx_Android14/platform/external/cpuinfo
platform/external/crcalc	rk/Android/35xx_Android14/platform/external/crcalc
platform/external/cronet	rk/Android/35xx_Android14/platform/external/cronet
platform/external/crosvm	rk/Android/35xx_Android14/platform/external/crosvm
platform/external/curl	rk/Android/35xx_Android14/platform/external/curl
platform/external/dagger2	rk/Android/35xx_Android14/platform/external/dagger2
platform/external/deqp	rk/Android/35xx_Android14/platform/external/deqp
platform/external/deqp-deps/SPIRV-Headers	rk/Android/35xx_Android14/platform/external/deqp-deps/SPIRV-Headers
platform/external/deqp-deps/SPIRV-Tools	rk/Android/35xx_Android14/platform/external/deqp-deps/SPIRV-Tools
platform/external/deqp-deps/amber	rk/Android/35xx_Android14/platform/external/deqp-deps/amber
platform/external/deqp-deps/glslang	rk/Android/35xx_Android14/platform/external/deqp-deps/glslang
platform/external/desugar	rk/Android/35xx_Android14/platform/external/desugar
platform/external/dexmaker	rk/Android/35xx_Android14/platform/external/dexmaker
platform/external/dlmalloc	rk/Android/35xx_Android14/platform/external/dlmalloc
platform/external/dng_sdk	rk/Android/35xx_Android14/platform/external/dng_sdk
platform/external/dnsmasq	rk/Android/35xx_Android14/platform/external/dnsmasq
platform/external/doclava	rk/Android/35xx_Android14/platform/external/doclava
platform/external/dokka	rk/Android/35xx_Android14/platform/external/dokka
platform/external/double-conversion	rk/Android/35xx_Android14/platform/external/double-conversion
platform/external/downloader	rk/Android/35xx_Android14/platform/external/downloader
platform/external/drm_hwcomposer	rk/Android/35xx_Android14/platform/external/drm_hwcomposer
platform/external/dtc	rk/Android/35xx_Android14/platform/external/dtc
platform/external/dynamic_depth	rk/Android/35xx_Android14/platform/external/dynamic_depth
platform/external/e2fsprogs	rk/Android/35xx_Android14/platform/external/e2fsprogs
platform/external/easymock	rk/Android/35xx_Android14/platform/external/easymock
platform/external/eigen	rk/Android/35xx_Android14/platform/external/eigen
platform/external/elfutils	rk/Android/35xx_Android14/platform/external/elfutils
platform/external/emma	rk/Android/35xx_Android14/platform/external/emma
platform/external/erofs-utils	rk/Android/35xx_Android14/platform/external/erofs-utils
platform/external/error_prone	rk/Android/35xx_Android14/platform/external/error_prone
platform/external/escapevelocity	rk/Android/35xx_Android14/platform/external/escapevelocity
platform/external/ethtool	rk/Android/35xx_Android14/platform/external/ethtool
platform/external/exfatprogs	rk/Android/35xx_Android14/platform/external/exfatprogs
platform/external/exoplayer	rk/Android/35xx_Android14/platform/external/exoplayer
platform/external/expat	rk/Android/35xx_Android14/platform/external/expat
platform/external/f2fs-tools	rk/Android/35xx_Android14/platform/external/f2fs-tools
platform/external/fastrpc	rk/Android/35xx_Android14/platform/external/fastrpc
platform/external/fdlibm	rk/Android/35xx_Android14/platform/external/fdlibm
platform/external/fec	rk/Android/35xx_Android14/platform/external/fec
platform/external/fft2d	rk/Android/35xx_Android14/platform/external/fft2d
platform/external/firebase-messaging	rk/Android/35xx_Android14/platform/external/firebase-messaging
platform/external/flac	rk/Android/35xx_Android14/platform/external/flac
platform/external/flatbuffers	rk/Android/35xx_Android14/platform/external/flatbuffers
platform/external/fmtlib	rk/Android/35xx_Android14/platform/external/fmtlib
platform/external/fonttools	rk/Android/35xx_Android14/platform/external/fonttools
platform/external/freetype	rk/Android/35xx_Android14/platform/external/freetype
platform/external/fsck_msdos	rk/Android/35xx_Android14/platform/external/fsck_msdos
platform/external/fsverity-utils	rk/Android/35xx_Android14/platform/external/fsverity-utils
platform/external/gemmlowp	rk/Android/35xx_Android14/platform/external/gemmlowp
platform/external/geojson-jackson	rk/Android/35xx_Android14/platform/external/geojson-jackson
platform/external/geonames	rk/Android/35xx_Android14/platform/external/geonames
platform/external/gflags	rk/Android/35xx_Android14/platform/external/gflags
platform/external/gfxstream-protocols	rk/Android/35xx_Android14/platform/external/gfxstream-protocols
platform/external/giflib	rk/Android/35xx_Android14/platform/external/giflib
platform/external/glide	rk/Android/35xx_Android14/platform/external/glide
platform/external/go-cmp	rk/Android/35xx_Android14/platform/external/go-cmp
platform/external/golang-protobuf	rk/Android/35xx_Android14/platform/external/golang-protobuf
platform/external/google-benchmark	rk/Android/35xx_Android14/platform/external/google-benchmark
platform/external/google-breakpad	rk/Android/35xx_Android14/platform/external/google-breakpad
platform/external/google-fonts/arbutus-slab	rk/Android/35xx_Android14/platform/external/google-fonts/arbutus-slab
platform/external/google-fonts/arvo	rk/Android/35xx_Android14/platform/external/google-fonts/arvo
platform/external/google-fonts/barlow	rk/Android/35xx_Android14/platform/external/google-fonts/barlow
platform/external/google-fonts/big-shoulders-text	rk/Android/35xx_Android14/platform/external/google-fonts/big-shoulders-text
platform/external/google-fonts/carrois-gothic-sc	rk/Android/35xx_Android14/platform/external/google-fonts/carrois-gothic-sc
platform/external/google-fonts/coming-soon	rk/Android/35xx_Android14/platform/external/google-fonts/coming-soon
platform/external/google-fonts/cutive-mono	rk/Android/35xx_Android14/platform/external/google-fonts/cutive-mono
platform/external/google-fonts/dancing-script	rk/Android/35xx_Android14/platform/external/google-fonts/dancing-script
platform/external/google-fonts/fraunces	rk/Android/35xx_Android14/platform/external/google-fonts/fraunces
platform/external/google-fonts/karla	rk/Android/35xx_Android14/platform/external/google-fonts/karla
platform/external/google-fonts/lato	rk/Android/35xx_Android14/platform/external/google-fonts/lato
platform/external/google-fonts/lustria	rk/Android/35xx_Android14/platform/external/google-fonts/lustria
platform/external/google-fonts/rubik	rk/Android/35xx_Android14/platform/external/google-fonts/rubik
platform/external/google-fonts/source-sans-pro	rk/Android/35xx_Android14/platform/external/google-fonts/source-sans-pro
platform/external/google-fonts/zilla-slab	rk/Android/35xx_Android14/platform/external/google-fonts/zilla-slab
platform/external/google-fruit	rk/Android/35xx_Android14/platform/external/google-fruit
platform/external/google-java-format	rk/Android/35xx_Android14/platform/external/google-java-format
platform/external/google-smali	rk/Android/35xx_Android14/platform/external/google-smali
platform/external/google-styleguide	rk/Android/35xx_Android14/platform/external/google-styleguide
platform/external/googletest	rk/Android/35xx_Android14/platform/external/googletest
platform/external/gptfdisk	rk/Android/35xx_Android14/platform/external/gptfdisk
platform/external/grpc-grpc	rk/Android/35xx_Android14/platform/external/grpc-grpc
platform/external/grpc-grpc-java	rk/Android/35xx_Android14/platform/external/grpc-grpc-java
platform/external/gson	rk/Android/35xx_Android14/platform/external/gson
platform/external/guava	rk/Android/35xx_Android14/platform/external/guava
platform/external/guice	rk/Android/35xx_Android14/platform/external/guice
platform/external/gwp_asan	rk/Android/35xx_Android14/platform/external/gwp_asan
platform/external/hamcrest	rk/Android/35xx_Android14/platform/external/hamcrest
platform/external/harfbuzz_ng	rk/Android/35xx_Android14/platform/external/harfbuzz_ng
platform/external/hyphenation-patterns	rk/Android/35xx_Android14/platform/external/hyphenation-patterns
platform/external/icing	rk/Android/35xx_Android14/platform/external/icing
platform/external/icu	rk/Android/35xx_Android14/platform/external/icu
platform/external/igt-gpu-tools	rk/Android/35xx_Android14/platform/external/igt-gpu-tools
platform/external/image_io	rk/Android/35xx_Android14/platform/external/image_io
platform/external/ims	rk/Android/35xx_Android14/platform/external/ims
platform/external/iperf3	rk/Android/35xx_Android14/platform/external/iperf3
platform/external/iproute2	rk/Android/35xx_Android14/platform/external/iproute2
platform/external/ipsec-tools	rk/Android/35xx_Android14/platform/external/ipsec-tools
platform/external/iptables	rk/Android/35xx_Android14/platform/external/iptables
platform/external/iputils	rk/Android/35xx_Android14/platform/external/iputils
platform/external/iw	rk/Android/35xx_Android14/platform/external/iw
platform/external/jackson-annotations	rk/Android/35xx_Android14/platform/external/jackson-annotations
platform/external/jackson-core	rk/Android/35xx_Android14/platform/external/jackson-core
platform/external/jackson-databind	rk/Android/35xx_Android14/platform/external/jackson-databind
platform/external/jacoco	rk/Android/35xx_Android14/platform/external/jacoco
platform/external/jarjar	rk/Android/35xx_Android14/platform/external/jarjar
platform/external/javaparser	rk/Android/35xx_Android14/platform/external/javaparser
platform/external/javapoet	rk/Android/35xx_Android14/platform/external/javapoet
platform/external/javasqlite	rk/Android/35xx_Android14/platform/external/javasqlite
platform/external/javassist	rk/Android/35xx_Android14/platform/external/javassist
platform/external/jazzer-api	rk/Android/35xx_Android14/platform/external/jazzer-api
platform/external/jcommander	rk/Android/35xx_Android14/platform/external/jcommander
platform/external/jdiff	rk/Android/35xx_Android14/platform/external/jdiff
platform/external/jemalloc_new	rk/Android/35xx_Android14/platform/external/jemalloc_new
platform/external/jimfs	rk/Android/35xx_Android14/platform/external/jimfs
platform/external/jline	rk/Android/35xx_Android14/platform/external/jline
platform/external/jsilver	rk/Android/35xx_Android14/platform/external/jsilver
platform/external/jsmn	rk/Android/35xx_Android14/platform/external/jsmn
platform/external/jsoncpp	rk/Android/35xx_Android14/platform/external/jsoncpp
platform/external/jsr305	rk/Android/35xx_Android14/platform/external/jsr305
platform/external/jsr330	rk/Android/35xx_Android14/platform/external/jsr330
platform/external/junit	rk/Android/35xx_Android14/platform/external/junit
platform/external/junit-params	rk/Android/35xx_Android14/platform/external/junit-params
platform/external/kernel-headers	rk/Android/35xx_Android14/platform/external/kernel-headers
platform/external/kmod	rk/Android/35xx_Android14/platform/external/kmod
platform/external/kotlinc	rk/Android/35xx_Android14/platform/external/kotlinc
platform/external/kotlinpoet	rk/Android/35xx_Android14/platform/external/kotlinpoet
platform/external/kotlinx.atomicfu	rk/Android/35xx_Android14/platform/external/kotlinx.atomicfu
platform/external/kotlinx.coroutines	rk/Android/35xx_Android14/platform/external/kotlinx.coroutines
platform/external/kotlinx.metadata	rk/Android/35xx_Android14/platform/external/kotlinx.metadata
platform/external/ksoap2	rk/Android/35xx_Android14/platform/external/ksoap2
platform/external/ksp	rk/Android/35xx_Android14/platform/external/ksp
platform/external/ktfmt	rk/Android/35xx_Android14/platform/external/ktfmt
platform/external/leveldb	rk/Android/35xx_Android14/platform/external/leveldb
platform/external/libabigail	rk/Android/35xx_Android14/platform/external/libabigail
platform/external/libaom	rk/Android/35xx_Android14/platform/external/libaom
platform/external/libavc	rk/Android/35xx_Android14/platform/external/libavc
platform/external/libbackup	rk/Android/35xx_Android14/platform/external/libbackup
platform/external/libbpf	rk/Android/35xx_Android14/platform/external/libbpf
platform/external/libbrillo	rk/Android/35xx_Android14/platform/external/libbrillo
platform/external/libcap	rk/Android/35xx_Android14/platform/external/libcap
platform/external/libcap-ng	rk/Android/35xx_Android14/platform/external/libcap-ng
platform/external/libchrome	rk/Android/35xx_Android14/platform/external/libchrome
platform/external/libchrome-gestures	rk/Android/35xx_Android14/platform/external/libchrome-gestures
platform/external/libchromeos-rs	rk/Android/35xx_Android14/platform/external/libchromeos-rs
platform/external/libconfig	rk/Android/35xx_Android14/platform/external/libconfig
platform/external/libcups	rk/Android/35xx_Android14/platform/external/libcups
platform/external/libcxx	rk/Android/35xx_Android14/platform/external/libcxx
platform/external/libcxxabi	rk/Android/35xx_Android14/platform/external/libcxxabi
platform/external/libdivsufsort	rk/Android/35xx_Android14/platform/external/libdivsufsort
platform/external/libdrm	rk/Android/35xx_Android14/platform/external/libdrm
platform/external/libepoxy	rk/Android/35xx_Android14/platform/external/libepoxy
platform/external/libese	rk/Android/35xx_Android14/platform/external/libese
platform/external/libevent	rk/Android/35xx_Android14/platform/external/libevent
platform/external/libexif	rk/Android/35xx_Android14/platform/external/libexif
platform/external/libffi	rk/Android/35xx_Android14/platform/external/libffi
platform/external/libfuse	rk/Android/35xx_Android14/platform/external/libfuse
platform/external/libgav1	rk/Android/35xx_Android14/platform/external/libgav1
platform/external/libgsm	rk/Android/35xx_Android14/platform/external/libgsm
platform/external/libhevc	rk/Android/35xx_Android14/platform/external/libhevc
platform/external/libiio	rk/Android/35xx_Android14/platform/external/libiio
platform/external/libjpeg-turbo	rk/Android/35xx_Android14/platform/external/libjpeg-turbo
platform/external/libkmsxx	rk/Android/35xx_Android14/platform/external/libkmsxx
platform/external/libldac	rk/Android/35xx_Android14/platform/external/libldac
platform/external/libmonet	rk/Android/35xx_Android14/platform/external/libmonet
platform/external/libmpeg2	rk/Android/35xx_Android14/platform/external/libmpeg2
platform/external/libnetfilter_conntrack	rk/Android/35xx_Android14/platform/external/libnetfilter_conntrack
platform/external/libnfnetlink	rk/Android/35xx_Android14/platform/external/libnfnetlink
platform/external/libnl	rk/Android/35xx_Android14/platform/external/libnl
platform/external/libogg	rk/Android/35xx_Android14/platform/external/libogg
platform/external/libopus	rk/Android/35xx_Android14/platform/external/libopus
platform/external/libpalmrejection	rk/Android/35xx_Android14/platform/external/libpalmrejection
platform/external/libpcap	rk/Android/35xx_Android14/platform/external/libpcap
platform/external/libphonenumber	rk/Android/35xx_Android14/platform/external/libphonenumber
platform/external/libpng	rk/Android/35xx_Android14/platform/external/libpng
platform/external/libprotobuf-mutator	rk/Android/35xx_Android14/platform/external/libprotobuf-mutator
platform/external/libsrtp2	rk/Android/35xx_Android14/platform/external/libsrtp2
platform/external/libtextclassifier	rk/Android/35xx_Android14/platform/external/libtextclassifier
platform/external/libtraceevent	rk/Android/35xx_Android14/platform/external/libtraceevent
platform/external/libtracefs	rk/Android/35xx_Android14/platform/external/libtracefs
platform/external/liburing	rk/Android/35xx_Android14/platform/external/liburing
platform/external/libusb	rk/Android/35xx_Android14/platform/external/libusb
platform/external/libutf	rk/Android/35xx_Android14/platform/external/libutf
platform/external/libvpx	rk/Android/35xx_Android14/platform/external/libvpx
platform/external/libwebm	rk/Android/35xx_Android14/platform/external/libwebm
platform/external/libwebsockets	rk/Android/35xx_Android14/platform/external/libwebsockets
platform/external/libxaac	rk/Android/35xx_Android14/platform/external/libxaac
platform/external/libxkbcommon	rk/Android/35xx_Android14/platform/external/libxkbcommon
platform/external/libxml2	rk/Android/35xx_Android14/platform/external/libxml2
platform/external/libyuv	rk/Android/35xx_Android14/platform/external/libyuv
platform/external/licenseclassifier	rk/Android/35xx_Android14/platform/external/licenseclassifier
platform/external/linux-kselftest	rk/Android/35xx_Android14/platform/external/linux-kselftest
platform/external/llvm	rk/Android/35xx_Android14/platform/external/llvm
platform/external/lmfit	rk/Android/35xx_Android14/platform/external/lmfit
platform/external/lottie	rk/Android/35xx_Android14/platform/external/lottie
platform/external/ltp	rk/Android/35xx_Android14/platform/external/ltp
platform/external/lua	rk/Android/35xx_Android14/platform/external/lua
platform/external/lz4	rk/Android/35xx_Android14/platform/external/lz4
platform/external/lzma	rk/Android/35xx_Android14/platform/external/lzma
platform/external/marisa-trie	rk/Android/35xx_Android14/platform/external/marisa-trie
platform/external/markdown	rk/Android/35xx_Android14/platform/external/markdown
platform/external/mbedtls	rk/Android/35xx_Android14/platform/external/mbedtls
platform/external/mdnsresponder	rk/Android/35xx_Android14/platform/external/mdnsresponder
platform/external/mesa3d	rk/Android/35xx_Android14/platform/external/mesa3d
platform/external/mime-support	rk/Android/35xx_Android14/platform/external/mime-support
platform/external/minigbm	rk/Android/35xx_Android14/platform/external/minigbm
platform/external/minijail	rk/Android/35xx_Android14/platform/external/minijail
platform/external/mksh	rk/Android/35xx_Android14/platform/external/mksh
platform/external/mobile-data-download	rk/Android/35xx_Android14/platform/external/mobile-data-download
platform/external/mobly-bundled-snippets	rk/Android/35xx_Android14/platform/external/mobly-bundled-snippets
platform/external/mobly-snippet-lib	rk/Android/35xx_Android14/platform/external/mobly-snippet-lib
platform/external/mockftpserver	rk/Android/35xx_Android14/platform/external/mockftpserver
platform/external/mockito	rk/Android/35xx_Android14/platform/external/mockito
platform/external/mockwebserver	rk/Android/35xx_Android14/platform/external/mockwebserver
platform/external/modp_b64	rk/Android/35xx_Android14/platform/external/modp_b64
platform/external/mp4parser	rk/Android/35xx_Android14/platform/external/mp4parser
platform/external/ms-tpm-20-ref	rk/Android/35xx_Android14/platform/external/ms-tpm-20-ref
platform/external/mtools	rk/Android/35xx_Android14/platform/external/mtools
platform/external/mtpd	rk/Android/35xx_Android14/platform/external/mtpd
platform/external/musl	rk/Android/35xx_Android14/platform/external/musl
platform/external/nanohttpd	rk/Android/35xx_Android14/platform/external/nanohttpd
platform/external/nanopb-c	rk/Android/35xx_Android14/platform/external/nanopb-c
platform/external/naver-fonts	rk/Android/35xx_Android14/platform/external/naver-fonts
platform/external/neon_2_sse	rk/Android/35xx_Android14/platform/external/neon_2_sse
platform/external/neven	rk/Android/35xx_Android14/platform/external/neven
platform/external/newfs_msdos	rk/Android/35xx_Android14/platform/external/newfs_msdos
platform/external/nist-pkits	rk/Android/35xx_Android14/platform/external/nist-pkits
platform/external/nist-sip	rk/Android/35xx_Android14/platform/external/nist-sip
platform/external/nos/host/generic	rk/Android/35xx_Android14/platform/external/nos/host/generic
platform/external/noto-fonts	rk/Android/35xx_Android14/platform/external/noto-fonts
platform/external/nullaway	rk/Android/35xx_Android14/platform/external/nullaway
platform/external/oauth	rk/Android/35xx_Android14/platform/external/oauth
platform/external/obex	rk/Android/35xx_Android14/platform/external/obex
platform/external/objenesis	rk/Android/35xx_Android14/platform/external/objenesis
platform/external/oboe	rk/Android/35xx_Android14/platform/external/oboe
platform/external/obstack	rk/Android/35xx_Android14/platform/external/obstack
platform/external/oj-libjdwp	rk/Android/35xx_Android14/platform/external/oj-libjdwp
platform/external/okhttp	rk/Android/35xx_Android14/platform/external/okhttp
platform/external/okio	rk/Android/35xx_Android14/platform/external/okio
platform/external/one-true-awk	rk/Android/35xx_Android14/platform/external/one-true-awk
platform/external/open-dice	rk/Android/35xx_Android14/platform/external/open-dice
platform/external/opencensus-java	rk/Android/35xx_Android14/platform/external/opencensus-java
platform/external/openscreen	rk/Android/35xx_Android14/platform/external/openscreen
platform/external/openthread	rk/Android/35xx_Android14/platform/external/openthread
platform/external/openwrt-prebuilts	rk/Android/35xx_Android14/platform/external/openwrt-prebuilts
platform/external/oss-fuzz	rk/Android/35xx_Android14/platform/external/oss-fuzz
platform/external/ot-br-posix	rk/Android/35xx_Android14/platform/external/ot-br-posix
platform/external/ow2-asm	rk/Android/35xx_Android14/platform/external/ow2-asm
platform/external/owasp/java-encoder	rk/Android/35xx_Android14/platform/external/owasp/java-encoder
platform/external/owasp/sanitizer	rk/Android/35xx_Android14/platform/external/owasp/sanitizer
platform/external/pandora/avatar	rk/Android/35xx_Android14/platform/external/pandora/avatar
platform/external/pandora/bt-test-interfaces	rk/Android/35xx_Android14/platform/external/pandora/bt-test-interfaces
platform/external/pandora/mmi2grpc	rk/Android/35xx_Android14/platform/external/pandora/mmi2grpc
platform/external/parameter-framework	rk/Android/35xx_Android14/platform/external/parameter-framework
platform/external/pcre	rk/Android/35xx_Android14/platform/external/pcre
platform/external/pdfium	rk/Android/35xx_Android14/platform/external/pdfium
platform/external/perfetto	rk/Android/35xx_Android14/platform/external/perfetto
platform/external/pffft	rk/Android/35xx_Android14/platform/external/pffft
platform/external/piex	rk/Android/35xx_Android14/platform/external/piex
platform/external/pigweed	rk/Android/35xx_Android14/platform/external/pigweed
platform/external/ply	rk/Android/35xx_Android14/platform/external/ply
platform/external/ppp	rk/Android/35xx_Android14/platform/external/ppp
platform/external/proguard	rk/Android/35xx_Android14/platform/external/proguard
platform/external/protobuf	rk/Android/35xx_Android14/platform/external/protobuf
platform/external/psimd	rk/Android/35xx_Android14/platform/external/psimd
platform/external/pthreadpool	rk/Android/35xx_Android14/platform/external/pthreadpool
platform/external/puffin	rk/Android/35xx_Android14/platform/external/puffin
platform/external/python/absl-py	rk/Android/35xx_Android14/platform/external/python/absl-py
platform/external/python/apitools	rk/Android/35xx_Android14/platform/external/python/apitools
platform/external/python/asn1crypto	rk/Android/35xx_Android14/platform/external/python/asn1crypto
platform/external/python/bumble	rk/Android/35xx_Android14/platform/external/python/bumble
platform/external/python/cachetools	rk/Android/35xx_Android14/platform/external/python/cachetools
platform/external/python/cffi	rk/Android/35xx_Android14/platform/external/python/cffi
platform/external/python/cpython2	rk/Android/35xx_Android14/platform/external/python/cpython2
platform/external/python/cpython3	rk/Android/35xx_Android14/platform/external/python/cpython3
platform/external/python/cryptography	rk/Android/35xx_Android14/platform/external/python/cryptography
platform/external/python/dateutil	rk/Android/35xx_Android14/platform/external/python/dateutil
platform/external/python/enum34	rk/Android/35xx_Android14/platform/external/python/enum34
platform/external/python/google-api-python-client	rk/Android/35xx_Android14/platform/external/python/google-api-python-client
platform/external/python/google-auth-library-python	rk/Android/35xx_Android14/platform/external/python/google-auth-library-python
platform/external/python/httplib2	rk/Android/35xx_Android14/platform/external/python/httplib2
platform/external/python/ipaddress	rk/Android/35xx_Android14/platform/external/python/ipaddress
platform/external/python/jinja	rk/Android/35xx_Android14/platform/external/python/jinja
platform/external/python/markupsafe	rk/Android/35xx_Android14/platform/external/python/markupsafe
platform/external/python/mobly	rk/Android/35xx_Android14/platform/external/python/mobly
platform/external/python/oauth2client	rk/Android/35xx_Android14/platform/external/python/oauth2client
platform/external/python/parse_type	rk/Android/35xx_Android14/platform/external/python/parse_type
platform/external/python/portpicker	rk/Android/35xx_Android14/platform/external/python/portpicker
platform/external/python/pyasn1	rk/Android/35xx_Android14/platform/external/python/pyasn1
platform/external/python/pyasn1-modules	rk/Android/35xx_Android14/platform/external/python/pyasn1-modules
platform/external/python/pybind11	rk/Android/35xx_Android14/platform/external/python/pybind11
platform/external/python/pycparser	rk/Android/35xx_Android14/platform/external/python/pycparser
platform/external/python/pyee	rk/Android/35xx_Android14/platform/external/python/pyee
platform/external/python/pyfakefs	rk/Android/35xx_Android14/platform/external/python/pyfakefs
platform/external/python/pyserial	rk/Android/35xx_Android14/platform/external/python/pyserial
platform/external/python/python-api-core	rk/Android/35xx_Android14/platform/external/python/python-api-core
platform/external/python/pyyaml	rk/Android/35xx_Android14/platform/external/python/pyyaml
platform/external/python/rsa	rk/Android/35xx_Android14/platform/external/python/rsa
platform/external/python/setuptools	rk/Android/35xx_Android14/platform/external/python/setuptools
platform/external/python/six	rk/Android/35xx_Android14/platform/external/python/six
platform/external/python/timeout-decorator	rk/Android/35xx_Android14/platform/external/python/timeout-decorator
platform/external/python/typing	rk/Android/35xx_Android14/platform/external/python/typing
platform/external/python/uritemplates	rk/Android/35xx_Android14/platform/external/python/uritemplates
platform/external/rappor	rk/Android/35xx_Android14/platform/external/rappor
platform/external/renderscript-intrinsics-replacement-toolkit	rk/Android/35xx_Android14/platform/external/renderscript-intrinsics-replacement-toolkit
platform/external/replicaisland	rk/Android/35xx_Android14/platform/external/replicaisland
platform/external/rmi4utils	rk/Android/35xx_Android14/platform/external/rmi4utils
platform/external/rnnoise	rk/Android/35xx_Android14/platform/external/rnnoise
platform/external/robolectric	rk/Android/35xx_Android14/platform/external/robolectric
platform/external/robolectric-shadows	rk/Android/35xx_Android14/platform/external/robolectric-shadows
platform/external/roboto-flex-fonts	rk/Android/35xx_Android14/platform/external/roboto-flex-fonts
platform/external/roboto-fonts	rk/Android/35xx_Android14/platform/external/roboto-fonts
platform/external/rootdev	rk/Android/35xx_Android14/platform/external/rootdev
platform/external/rust/beto-rust	rk/Android/35xx_Android14/platform/external/rust/beto-rust
platform/external/rust/crates/aarch64-paging	rk/Android/35xx_Android14/platform/external/rust/crates/aarch64-paging
platform/external/rust/crates/ahash	rk/Android/35xx_Android14/platform/external/rust/crates/ahash
platform/external/rust/crates/aho-corasick	rk/Android/35xx_Android14/platform/external/rust/crates/aho-corasick
platform/external/rust/crates/android_log-sys	rk/Android/35xx_Android14/platform/external/rust/crates/android_log-sys
platform/external/rust/crates/android_logger	rk/Android/35xx_Android14/platform/external/rust/crates/android_logger
platform/external/rust/crates/anes	rk/Android/35xx_Android14/platform/external/rust/crates/anes
platform/external/rust/crates/anyhow	rk/Android/35xx_Android14/platform/external/rust/crates/anyhow
platform/external/rust/crates/arbitrary	rk/Android/35xx_Android14/platform/external/rust/crates/arbitrary
platform/external/rust/crates/argh	rk/Android/35xx_Android14/platform/external/rust/crates/argh
platform/external/rust/crates/argh_derive	rk/Android/35xx_Android14/platform/external/rust/crates/argh_derive
platform/external/rust/crates/argh_shared	rk/Android/35xx_Android14/platform/external/rust/crates/argh_shared
platform/external/rust/crates/ash	rk/Android/35xx_Android14/platform/external/rust/crates/ash
platform/external/rust/crates/async-stream	rk/Android/35xx_Android14/platform/external/rust/crates/async-stream
platform/external/rust/crates/async-stream-impl	rk/Android/35xx_Android14/platform/external/rust/crates/async-stream-impl
platform/external/rust/crates/async-task	rk/Android/35xx_Android14/platform/external/rust/crates/async-task
platform/external/rust/crates/async-trait	rk/Android/35xx_Android14/platform/external/rust/crates/async-trait
platform/external/rust/crates/atomic	rk/Android/35xx_Android14/platform/external/rust/crates/atomic
platform/external/rust/crates/atty	rk/Android/35xx_Android14/platform/external/rust/crates/atty
platform/external/rust/crates/base64	rk/Android/35xx_Android14/platform/external/rust/crates/base64
platform/external/rust/crates/bencher	rk/Android/35xx_Android14/platform/external/rust/crates/bencher
platform/external/rust/crates/bindgen	rk/Android/35xx_Android14/platform/external/rust/crates/bindgen
platform/external/rust/crates/bindgen-cli	rk/Android/35xx_Android14/platform/external/rust/crates/bindgen-cli
platform/external/rust/crates/bitflags	rk/Android/35xx_Android14/platform/external/rust/crates/bitflags
platform/external/rust/crates/bitreader	rk/Android/35xx_Android14/platform/external/rust/crates/bitreader
platform/external/rust/crates/bstr	rk/Android/35xx_Android14/platform/external/rust/crates/bstr
platform/external/rust/crates/buddy_system_allocator	rk/Android/35xx_Android14/platform/external/rust/crates/buddy_system_allocator
platform/external/rust/crates/byteorder	rk/Android/35xx_Android14/platform/external/rust/crates/byteorder
platform/external/rust/crates/bytes	rk/Android/35xx_Android14/platform/external/rust/crates/bytes
platform/external/rust/crates/cast	rk/Android/35xx_Android14/platform/external/rust/crates/cast
platform/external/rust/crates/cesu8	rk/Android/35xx_Android14/platform/external/rust/crates/cesu8
platform/external/rust/crates/cexpr	rk/Android/35xx_Android14/platform/external/rust/crates/cexpr
platform/external/rust/crates/cfg-if	rk/Android/35xx_Android14/platform/external/rust/crates/cfg-if
platform/external/rust/crates/chrono	rk/Android/35xx_Android14/platform/external/rust/crates/chrono
platform/external/rust/crates/ciborium	rk/Android/35xx_Android14/platform/external/rust/crates/ciborium
platform/external/rust/crates/ciborium-io	rk/Android/35xx_Android14/platform/external/rust/crates/ciborium-io
platform/external/rust/crates/ciborium-ll	rk/Android/35xx_Android14/platform/external/rust/crates/ciborium-ll
platform/external/rust/crates/clang-sys	rk/Android/35xx_Android14/platform/external/rust/crates/clang-sys
platform/external/rust/crates/clap	rk/Android/35xx_Android14/platform/external/rust/crates/clap
platform/external/rust/crates/clap_derive	rk/Android/35xx_Android14/platform/external/rust/crates/clap_derive
platform/external/rust/crates/clap_lex	rk/Android/35xx_Android14/platform/external/rust/crates/clap_lex
platform/external/rust/crates/codespan-reporting	rk/Android/35xx_Android14/platform/external/rust/crates/codespan-reporting
platform/external/rust/crates/combine	rk/Android/35xx_Android14/platform/external/rust/crates/combine
platform/external/rust/crates/command-fds	rk/Android/35xx_Android14/platform/external/rust/crates/command-fds
platform/external/rust/crates/const-oid	rk/Android/35xx_Android14/platform/external/rust/crates/const-oid
platform/external/rust/crates/coset	rk/Android/35xx_Android14/platform/external/rust/crates/coset
platform/external/rust/crates/crc32fast	rk/Android/35xx_Android14/platform/external/rust/crates/crc32fast
platform/external/rust/crates/criterion	rk/Android/35xx_Android14/platform/external/rust/crates/criterion
platform/external/rust/crates/criterion-plot	rk/Android/35xx_Android14/platform/external/rust/crates/criterion-plot
platform/external/rust/crates/crossbeam-channel	rk/Android/35xx_Android14/platform/external/rust/crates/crossbeam-channel
platform/external/rust/crates/crossbeam-deque	rk/Android/35xx_Android14/platform/external/rust/crates/crossbeam-deque
platform/external/rust/crates/crossbeam-epoch	rk/Android/35xx_Android14/platform/external/rust/crates/crossbeam-epoch
platform/external/rust/crates/crossbeam-queue	rk/Android/35xx_Android14/platform/external/rust/crates/crossbeam-queue
platform/external/rust/crates/crossbeam-utils	rk/Android/35xx_Android14/platform/external/rust/crates/crossbeam-utils
platform/external/rust/crates/csv	rk/Android/35xx_Android14/platform/external/rust/crates/csv
platform/external/rust/crates/csv-core	rk/Android/35xx_Android14/platform/external/rust/crates/csv-core
platform/external/rust/crates/der	rk/Android/35xx_Android14/platform/external/rust/crates/der
platform/external/rust/crates/der-oid-macro	rk/Android/35xx_Android14/platform/external/rust/crates/der-oid-macro
platform/external/rust/crates/der-parser	rk/Android/35xx_Android14/platform/external/rust/crates/der-parser
platform/external/rust/crates/der_derive	rk/Android/35xx_Android14/platform/external/rust/crates/der_derive
platform/external/rust/crates/derive-getters	rk/Android/35xx_Android14/platform/external/rust/crates/derive-getters
platform/external/rust/crates/derive_arbitrary	rk/Android/35xx_Android14/platform/external/rust/crates/derive_arbitrary
platform/external/rust/crates/document-features	rk/Android/35xx_Android14/platform/external/rust/crates/document-features
platform/external/rust/crates/downcast-rs	rk/Android/35xx_Android14/platform/external/rust/crates/downcast-rs
platform/external/rust/crates/either	rk/Android/35xx_Android14/platform/external/rust/crates/either
platform/external/rust/crates/enumn	rk/Android/35xx_Android14/platform/external/rust/crates/enumn
platform/external/rust/crates/env_logger	rk/Android/35xx_Android14/platform/external/rust/crates/env_logger
platform/external/rust/crates/fallible-iterator	rk/Android/35xx_Android14/platform/external/rust/crates/fallible-iterator
platform/external/rust/crates/fallible-streaming-iterator	rk/Android/35xx_Android14/platform/external/rust/crates/fallible-streaming-iterator
platform/external/rust/crates/fastrand	rk/Android/35xx_Android14/platform/external/rust/crates/fastrand
platform/external/rust/crates/flagset	rk/Android/35xx_Android14/platform/external/rust/crates/flagset
platform/external/rust/crates/flate2	rk/Android/35xx_Android14/platform/external/rust/crates/flate2
platform/external/rust/crates/fnv	rk/Android/35xx_Android14/platform/external/rust/crates/fnv
platform/external/rust/crates/foreign-types	rk/Android/35xx_Android14/platform/external/rust/crates/foreign-types
platform/external/rust/crates/foreign-types-shared	rk/Android/35xx_Android14/platform/external/rust/crates/foreign-types-shared
platform/external/rust/crates/form_urlencoded	rk/Android/35xx_Android14/platform/external/rust/crates/form_urlencoded
platform/external/rust/crates/futures	rk/Android/35xx_Android14/platform/external/rust/crates/futures
platform/external/rust/crates/futures-channel	rk/Android/35xx_Android14/platform/external/rust/crates/futures-channel
platform/external/rust/crates/futures-core	rk/Android/35xx_Android14/platform/external/rust/crates/futures-core
platform/external/rust/crates/futures-executor	rk/Android/35xx_Android14/platform/external/rust/crates/futures-executor
platform/external/rust/crates/futures-io	rk/Android/35xx_Android14/platform/external/rust/crates/futures-io
platform/external/rust/crates/futures-macro	rk/Android/35xx_Android14/platform/external/rust/crates/futures-macro
platform/external/rust/crates/futures-sink	rk/Android/35xx_Android14/platform/external/rust/crates/futures-sink
platform/external/rust/crates/futures-task	rk/Android/35xx_Android14/platform/external/rust/crates/futures-task
platform/external/rust/crates/futures-test	rk/Android/35xx_Android14/platform/external/rust/crates/futures-test
platform/external/rust/crates/futures-util	rk/Android/35xx_Android14/platform/external/rust/crates/futures-util
platform/external/rust/crates/fxhash	rk/Android/35xx_Android14/platform/external/rust/crates/fxhash
platform/external/rust/crates/gdbstub	rk/Android/35xx_Android14/platform/external/rust/crates/gdbstub
platform/external/rust/crates/gdbstub_arch	rk/Android/35xx_Android14/platform/external/rust/crates/gdbstub_arch
platform/external/rust/crates/getrandom	rk/Android/35xx_Android14/platform/external/rust/crates/getrandom
platform/external/rust/crates/glam	rk/Android/35xx_Android14/platform/external/rust/crates/glam
platform/external/rust/crates/glob	rk/Android/35xx_Android14/platform/external/rust/crates/glob
platform/external/rust/crates/grpcio	rk/Android/35xx_Android14/platform/external/rust/crates/grpcio
platform/external/rust/crates/grpcio-compiler	rk/Android/35xx_Android14/platform/external/rust/crates/grpcio-compiler
platform/external/rust/crates/grpcio-sys	rk/Android/35xx_Android14/platform/external/rust/crates/grpcio-sys
platform/external/rust/crates/half	rk/Android/35xx_Android14/platform/external/rust/crates/half
platform/external/rust/crates/hashbrown	rk/Android/35xx_Android14/platform/external/rust/crates/hashbrown
platform/external/rust/crates/hashlink	rk/Android/35xx_Android14/platform/external/rust/crates/hashlink
platform/external/rust/crates/heck	rk/Android/35xx_Android14/platform/external/rust/crates/heck
platform/external/rust/crates/hex	rk/Android/35xx_Android14/platform/external/rust/crates/hex
platform/external/rust/crates/idna	rk/Android/35xx_Android14/platform/external/rust/crates/idna
platform/external/rust/crates/indexmap	rk/Android/35xx_Android14/platform/external/rust/crates/indexmap
platform/external/rust/crates/instant	rk/Android/35xx_Android14/platform/external/rust/crates/instant
platform/external/rust/crates/intrusive-collections	rk/Android/35xx_Android14/platform/external/rust/crates/intrusive-collections
platform/external/rust/crates/itertools	rk/Android/35xx_Android14/platform/external/rust/crates/itertools
platform/external/rust/crates/itoa	rk/Android/35xx_Android14/platform/external/rust/crates/itoa
platform/external/rust/crates/jni	rk/Android/35xx_Android14/platform/external/rust/crates/jni
platform/external/rust/crates/jni-sys	rk/Android/35xx_Android14/platform/external/rust/crates/jni-sys
platform/external/rust/crates/kernlog	rk/Android/35xx_Android14/platform/external/rust/crates/kernlog
platform/external/rust/crates/lazy_static	rk/Android/35xx_Android14/platform/external/rust/crates/lazy_static
platform/external/rust/crates/lazycell	rk/Android/35xx_Android14/platform/external/rust/crates/lazycell
platform/external/rust/crates/libc	rk/Android/35xx_Android14/platform/external/rust/crates/libc
platform/external/rust/crates/libfuzzer-sys	rk/Android/35xx_Android14/platform/external/rust/crates/libfuzzer-sys
platform/external/rust/crates/libloading	rk/Android/35xx_Android14/platform/external/rust/crates/libloading
platform/external/rust/crates/libm	rk/Android/35xx_Android14/platform/external/rust/crates/libm
platform/external/rust/crates/libsqlite3-sys	rk/Android/35xx_Android14/platform/external/rust/crates/libsqlite3-sys
platform/external/rust/crates/libtest-mimic	rk/Android/35xx_Android14/platform/external/rust/crates/libtest-mimic
platform/external/rust/crates/libz-sys	rk/Android/35xx_Android14/platform/external/rust/crates/libz-sys
platform/external/rust/crates/linked-hash-map	rk/Android/35xx_Android14/platform/external/rust/crates/linked-hash-map
platform/external/rust/crates/litrs	rk/Android/35xx_Android14/platform/external/rust/crates/litrs
platform/external/rust/crates/lock_api	rk/Android/35xx_Android14/platform/external/rust/crates/lock_api
platform/external/rust/crates/log	rk/Android/35xx_Android14/platform/external/rust/crates/log
platform/external/rust/crates/lru-cache	rk/Android/35xx_Android14/platform/external/rust/crates/lru-cache
platform/external/rust/crates/macaddr	rk/Android/35xx_Android14/platform/external/rust/crates/macaddr
platform/external/rust/crates/managed	rk/Android/35xx_Android14/platform/external/rust/crates/managed
platform/external/rust/crates/memchr	rk/Android/35xx_Android14/platform/external/rust/crates/memchr
platform/external/rust/crates/memoffset	rk/Android/35xx_Android14/platform/external/rust/crates/memoffset
platform/external/rust/crates/merge	rk/Android/35xx_Android14/platform/external/rust/crates/merge
platform/external/rust/crates/merge_derive	rk/Android/35xx_Android14/platform/external/rust/crates/merge_derive
platform/external/rust/crates/minimal-lexical	rk/Android/35xx_Android14/platform/external/rust/crates/minimal-lexical
platform/external/rust/crates/mio	rk/Android/35xx_Android14/platform/external/rust/crates/mio
platform/external/rust/crates/nix	rk/Android/35xx_Android14/platform/external/rust/crates/nix
platform/external/rust/crates/no-panic	rk/Android/35xx_Android14/platform/external/rust/crates/no-panic
platform/external/rust/crates/nom	rk/Android/35xx_Android14/platform/external/rust/crates/nom
platform/external/rust/crates/num-bigint	rk/Android/35xx_Android14/platform/external/rust/crates/num-bigint
platform/external/rust/crates/num-derive	rk/Android/35xx_Android14/platform/external/rust/crates/num-derive
platform/external/rust/crates/num-integer	rk/Android/35xx_Android14/platform/external/rust/crates/num-integer
platform/external/rust/crates/num-traits	rk/Android/35xx_Android14/platform/external/rust/crates/num-traits
platform/external/rust/crates/num_cpus	rk/Android/35xx_Android14/platform/external/rust/crates/num_cpus
platform/external/rust/crates/octets	rk/Android/35xx_Android14/platform/external/rust/crates/octets
platform/external/rust/crates/oid-registry	rk/Android/35xx_Android14/platform/external/rust/crates/oid-registry
platform/external/rust/crates/once_cell	rk/Android/35xx_Android14/platform/external/rust/crates/once_cell
platform/external/rust/crates/oorandom	rk/Android/35xx_Android14/platform/external/rust/crates/oorandom
platform/external/rust/crates/openssl	rk/Android/35xx_Android14/platform/external/rust/crates/openssl
platform/external/rust/crates/openssl-macros	rk/Android/35xx_Android14/platform/external/rust/crates/openssl-macros
platform/external/rust/crates/os_str_bytes	rk/Android/35xx_Android14/platform/external/rust/crates/os_str_bytes
platform/external/rust/crates/parking_lot	rk/Android/35xx_Android14/platform/external/rust/crates/parking_lot
platform/external/rust/crates/parking_lot_core	rk/Android/35xx_Android14/platform/external/rust/crates/parking_lot_core
platform/external/rust/crates/paste	rk/Android/35xx_Android14/platform/external/rust/crates/paste
platform/external/rust/crates/peeking_take_while	rk/Android/35xx_Android14/platform/external/rust/crates/peeking_take_while
platform/external/rust/crates/percent-encoding	rk/Android/35xx_Android14/platform/external/rust/crates/percent-encoding
platform/external/rust/crates/pest	rk/Android/35xx_Android14/platform/external/rust/crates/pest
platform/external/rust/crates/pest_derive	rk/Android/35xx_Android14/platform/external/rust/crates/pest_derive
platform/external/rust/crates/pest_generator	rk/Android/35xx_Android14/platform/external/rust/crates/pest_generator
platform/external/rust/crates/pest_meta	rk/Android/35xx_Android14/platform/external/rust/crates/pest_meta
platform/external/rust/crates/pin-project	rk/Android/35xx_Android14/platform/external/rust/crates/pin-project
platform/external/rust/crates/pin-project-internal	rk/Android/35xx_Android14/platform/external/rust/crates/pin-project-internal
platform/external/rust/crates/pin-project-lite	rk/Android/35xx_Android14/platform/external/rust/crates/pin-project-lite
platform/external/rust/crates/pin-utils	rk/Android/35xx_Android14/platform/external/rust/crates/pin-utils
platform/external/rust/crates/pkcs1	rk/Android/35xx_Android14/platform/external/rust/crates/pkcs1
platform/external/rust/crates/pkcs8	rk/Android/35xx_Android14/platform/external/rust/crates/pkcs8
platform/external/rust/crates/plotters	rk/Android/35xx_Android14/platform/external/rust/crates/plotters
platform/external/rust/crates/plotters-backend	rk/Android/35xx_Android14/platform/external/rust/crates/plotters-backend
platform/external/rust/crates/plotters-svg	rk/Android/35xx_Android14/platform/external/rust/crates/plotters-svg
platform/external/rust/crates/ppv-lite86	rk/Android/35xx_Android14/platform/external/rust/crates/ppv-lite86
platform/external/rust/crates/proc-macro-error	rk/Android/35xx_Android14/platform/external/rust/crates/proc-macro-error
platform/external/rust/crates/proc-macro-error-attr	rk/Android/35xx_Android14/platform/external/rust/crates/proc-macro-error-attr
platform/external/rust/crates/proc-macro-nested	rk/Android/35xx_Android14/platform/external/rust/crates/proc-macro-nested
platform/external/rust/crates/proc-macro2	rk/Android/35xx_Android14/platform/external/rust/crates/proc-macro2
platform/external/rust/crates/protobuf	rk/Android/35xx_Android14/platform/external/rust/crates/protobuf
platform/external/rust/crates/protobuf-codegen	rk/Android/35xx_Android14/platform/external/rust/crates/protobuf-codegen
platform/external/rust/crates/protobuf-json-mapping	rk/Android/35xx_Android14/platform/external/rust/crates/protobuf-json-mapping
platform/external/rust/crates/protobuf-parse	rk/Android/35xx_Android14/platform/external/rust/crates/protobuf-parse
platform/external/rust/crates/protobuf-support	rk/Android/35xx_Android14/platform/external/rust/crates/protobuf-support
platform/external/rust/crates/psci	rk/Android/35xx_Android14/platform/external/rust/crates/psci
platform/external/rust/crates/quiche	rk/Android/35xx_Android14/platform/external/rust/crates/quiche
platform/external/rust/crates/quickcheck	rk/Android/35xx_Android14/platform/external/rust/crates/quickcheck
platform/external/rust/crates/quote	rk/Android/35xx_Android14/platform/external/rust/crates/quote
platform/external/rust/crates/rand	rk/Android/35xx_Android14/platform/external/rust/crates/rand
platform/external/rust/crates/rand_chacha	rk/Android/35xx_Android14/platform/external/rust/crates/rand_chacha
platform/external/rust/crates/rand_core	rk/Android/35xx_Android14/platform/external/rust/crates/rand_core
platform/external/rust/crates/rand_xorshift	rk/Android/35xx_Android14/platform/external/rust/crates/rand_xorshift
platform/external/rust/crates/rayon	rk/Android/35xx_Android14/platform/external/rust/crates/rayon
platform/external/rust/crates/rayon-core	rk/Android/35xx_Android14/platform/external/rust/crates/rayon-core
platform/external/rust/crates/regex	rk/Android/35xx_Android14/platform/external/rust/crates/regex
platform/external/rust/crates/regex-automata	rk/Android/35xx_Android14/platform/external/rust/crates/regex-automata
platform/external/rust/crates/regex-syntax	rk/Android/35xx_Android14/platform/external/rust/crates/regex-syntax
platform/external/rust/crates/remain	rk/Android/35xx_Android14/platform/external/rust/crates/remain
platform/external/rust/crates/remove_dir_all	rk/Android/35xx_Android14/platform/external/rust/crates/remove_dir_all
platform/external/rust/crates/ring	rk/Android/35xx_Android14/platform/external/rust/crates/ring
platform/external/rust/crates/rusqlite	rk/Android/35xx_Android14/platform/external/rust/crates/rusqlite
platform/external/rust/crates/rustc-demangle	rk/Android/35xx_Android14/platform/external/rust/crates/rustc-demangle
platform/external/rust/crates/rustc-demangle-capi	rk/Android/35xx_Android14/platform/external/rust/crates/rustc-demangle-capi
platform/external/rust/crates/rustc-hash	rk/Android/35xx_Android14/platform/external/rust/crates/rustc-hash
platform/external/rust/crates/rusticata-macros	rk/Android/35xx_Android14/platform/external/rust/crates/rusticata-macros
platform/external/rust/crates/rustversion	rk/Android/35xx_Android14/platform/external/rust/crates/rustversion
platform/external/rust/crates/ryu	rk/Android/35xx_Android14/platform/external/rust/crates/ryu
platform/external/rust/crates/same-file	rk/Android/35xx_Android14/platform/external/rust/crates/same-file
platform/external/rust/crates/scopeguard	rk/Android/35xx_Android14/platform/external/rust/crates/scopeguard
platform/external/rust/crates/sec1	rk/Android/35xx_Android14/platform/external/rust/crates/sec1
platform/external/rust/crates/semver	rk/Android/35xx_Android14/platform/external/rust/crates/semver
platform/external/rust/crates/serde	rk/Android/35xx_Android14/platform/external/rust/crates/serde
platform/external/rust/crates/serde-xml-rs	rk/Android/35xx_Android14/platform/external/rust/crates/serde-xml-rs
platform/external/rust/crates/serde_cbor	rk/Android/35xx_Android14/platform/external/rust/crates/serde_cbor
platform/external/rust/crates/serde_derive	rk/Android/35xx_Android14/platform/external/rust/crates/serde_derive
platform/external/rust/crates/serde_json	rk/Android/35xx_Android14/platform/external/rust/crates/serde_json
platform/external/rust/crates/serde_test	rk/Android/35xx_Android14/platform/external/rust/crates/serde_test
platform/external/rust/crates/shared_child	rk/Android/35xx_Android14/platform/external/rust/crates/shared_child
platform/external/rust/crates/shared_library	rk/Android/35xx_Android14/platform/external/rust/crates/shared_library
platform/external/rust/crates/shlex	rk/Android/35xx_Android14/platform/external/rust/crates/shlex
platform/external/rust/crates/slab	rk/Android/35xx_Android14/platform/external/rust/crates/slab
platform/external/rust/crates/smallvec	rk/Android/35xx_Android14/platform/external/rust/crates/smallvec
platform/external/rust/crates/socket2	rk/Android/35xx_Android14/platform/external/rust/crates/socket2
platform/external/rust/crates/spin	rk/Android/35xx_Android14/platform/external/rust/crates/spin
platform/external/rust/crates/spki	rk/Android/35xx_Android14/platform/external/rust/crates/spki
platform/external/rust/crates/static_assertions	rk/Android/35xx_Android14/platform/external/rust/crates/static_assertions
platform/external/rust/crates/syn	rk/Android/35xx_Android14/platform/external/rust/crates/syn
platform/external/rust/crates/syn-mid	rk/Android/35xx_Android14/platform/external/rust/crates/syn-mid
platform/external/rust/crates/synstructure	rk/Android/35xx_Android14/platform/external/rust/crates/synstructure
platform/external/rust/crates/tempfile	rk/Android/35xx_Android14/platform/external/rust/crates/tempfile
platform/external/rust/crates/termcolor	rk/Android/35xx_Android14/platform/external/rust/crates/termcolor
platform/external/rust/crates/textwrap	rk/Android/35xx_Android14/platform/external/rust/crates/textwrap
platform/external/rust/crates/thiserror	rk/Android/35xx_Android14/platform/external/rust/crates/thiserror
platform/external/rust/crates/thiserror-impl	rk/Android/35xx_Android14/platform/external/rust/crates/thiserror-impl
platform/external/rust/crates/thread_local	rk/Android/35xx_Android14/platform/external/rust/crates/thread_local
platform/external/rust/crates/tinytemplate	rk/Android/35xx_Android14/platform/external/rust/crates/tinytemplate
platform/external/rust/crates/tinyvec	rk/Android/35xx_Android14/platform/external/rust/crates/tinyvec
platform/external/rust/crates/tinyvec_macros	rk/Android/35xx_Android14/platform/external/rust/crates/tinyvec_macros
platform/external/rust/crates/tokio	rk/Android/35xx_Android14/platform/external/rust/crates/tokio
platform/external/rust/crates/tokio-macros	rk/Android/35xx_Android14/platform/external/rust/crates/tokio-macros
platform/external/rust/crates/tokio-stream	rk/Android/35xx_Android14/platform/external/rust/crates/tokio-stream
platform/external/rust/crates/tokio-test	rk/Android/35xx_Android14/platform/external/rust/crates/tokio-test
platform/external/rust/crates/tokio-util	rk/Android/35xx_Android14/platform/external/rust/crates/tokio-util
platform/external/rust/crates/tracing	rk/Android/35xx_Android14/platform/external/rust/crates/tracing
platform/external/rust/crates/tracing-attributes	rk/Android/35xx_Android14/platform/external/rust/crates/tracing-attributes
platform/external/rust/crates/tracing-core	rk/Android/35xx_Android14/platform/external/rust/crates/tracing-core
platform/external/rust/crates/ucd-trie	rk/Android/35xx_Android14/platform/external/rust/crates/ucd-trie
platform/external/rust/crates/unicode-bidi	rk/Android/35xx_Android14/platform/external/rust/crates/unicode-bidi
platform/external/rust/crates/unicode-ident	rk/Android/35xx_Android14/platform/external/rust/crates/unicode-ident
platform/external/rust/crates/unicode-normalization	rk/Android/35xx_Android14/platform/external/rust/crates/unicode-normalization
platform/external/rust/crates/unicode-segmentation	rk/Android/35xx_Android14/platform/external/rust/crates/unicode-segmentation
platform/external/rust/crates/unicode-width	rk/Android/35xx_Android14/platform/external/rust/crates/unicode-width
platform/external/rust/crates/unicode-xid	rk/Android/35xx_Android14/platform/external/rust/crates/unicode-xid
platform/external/rust/crates/untrusted	rk/Android/35xx_Android14/platform/external/rust/crates/untrusted
platform/external/rust/crates/url	rk/Android/35xx_Android14/platform/external/rust/crates/url
platform/external/rust/crates/userfaultfd	rk/Android/35xx_Android14/platform/external/rust/crates/userfaultfd
platform/external/rust/crates/userfaultfd-sys	rk/Android/35xx_Android14/platform/external/rust/crates/userfaultfd-sys
platform/external/rust/crates/uuid	rk/Android/35xx_Android14/platform/external/rust/crates/uuid
platform/external/rust/crates/virtio-drivers	rk/Android/35xx_Android14/platform/external/rust/crates/virtio-drivers
platform/external/rust/crates/vsock	rk/Android/35xx_Android14/platform/external/rust/crates/vsock
platform/external/rust/crates/vulkano	rk/Android/35xx_Android14/platform/external/rust/crates/vulkano
platform/external/rust/crates/walkdir	rk/Android/35xx_Android14/platform/external/rust/crates/walkdir
platform/external/rust/crates/weak-table	rk/Android/35xx_Android14/platform/external/rust/crates/weak-table
platform/external/rust/crates/webpki	rk/Android/35xx_Android14/platform/external/rust/crates/webpki
platform/external/rust/crates/which	rk/Android/35xx_Android14/platform/external/rust/crates/which
platform/external/rust/crates/x509-cert	rk/Android/35xx_Android14/platform/external/rust/crates/x509-cert
platform/external/rust/crates/x509-parser	rk/Android/35xx_Android14/platform/external/rust/crates/x509-parser
platform/external/rust/crates/xml-rs	rk/Android/35xx_Android14/platform/external/rust/crates/xml-rs
platform/external/rust/crates/zerocopy	rk/Android/35xx_Android14/platform/external/rust/crates/zerocopy
platform/external/rust/crates/zerocopy-derive	rk/Android/35xx_Android14/platform/external/rust/crates/zerocopy-derive
platform/external/rust/crates/zeroize	rk/Android/35xx_Android14/platform/external/rust/crates/zeroize
platform/external/rust/crates/zeroize_derive	rk/Android/35xx_Android14/platform/external/rust/crates/zeroize_derive
platform/external/rust/crates/zip	rk/Android/35xx_Android14/platform/external/rust/crates/zip
platform/external/rust/cxx	rk/Android/35xx_Android14/platform/external/rust/cxx
platform/external/rust/pica	rk/Android/35xx_Android14/platform/external/rust/pica
platform/external/ruy	rk/Android/35xx_Android14/platform/external/ruy
platform/external/s2-geometry-library-java	rk/Android/35xx_Android14/platform/external/s2-geometry-library-java
platform/external/scapy	rk/Android/35xx_Android14/platform/external/scapy
platform/external/scrypt	rk/Android/35xx_Android14/platform/external/scrypt
platform/external/scudo	rk/Android/35xx_Android14/platform/external/scudo
platform/external/seccomp-tests	rk/Android/35xx_Android14/platform/external/seccomp-tests
platform/external/selinux	rk/Android/35xx_Android14/platform/external/selinux
platform/external/setfilters	rk/Android/35xx_Android14/platform/external/setfilters
platform/external/setupcompat	rk/Android/35xx_Android14/platform/external/setupcompat
platform/external/setupdesign	rk/Android/35xx_Android14/platform/external/setupdesign
platform/external/sfntly	rk/Android/35xx_Android14/platform/external/sfntly
platform/external/sg3_utils	rk/Android/35xx_Android14/platform/external/sg3_utils
platform/external/shaderc/spirv-headers	rk/Android/35xx_Android14/platform/external/shaderc/spirv-headers
platform/external/shflags	rk/Android/35xx_Android14/platform/external/shflags
platform/external/skia	rk/Android/35xx_Android14/platform/external/skia
platform/external/sl4a	rk/Android/35xx_Android14/platform/external/sl4a
platform/external/slf4j	rk/Android/35xx_Android14/platform/external/slf4j
platform/external/smali	rk/Android/35xx_Android14/platform/external/smali
platform/external/snakeyaml	rk/Android/35xx_Android14/platform/external/snakeyaml
platform/external/sonic	rk/Android/35xx_Android14/platform/external/sonic
platform/external/sonivox	rk/Android/35xx_Android14/platform/external/sonivox
platform/external/spdx-tools	rk/Android/35xx_Android14/platform/external/spdx-tools
platform/external/speex	rk/Android/35xx_Android14/platform/external/speex
platform/external/sqlite	rk/Android/35xx_Android14/platform/external/sqlite
platform/external/squashfs-tools	rk/Android/35xx_Android14/platform/external/squashfs-tools
platform/external/stardoc	rk/Android/35xx_Android14/platform/external/stardoc
platform/external/starlark-go	rk/Android/35xx_Android14/platform/external/starlark-go
platform/external/strace	rk/Android/35xx_Android14/platform/external/strace
platform/external/stressapptest	rk/Android/35xx_Android14/platform/external/stressapptest
platform/external/subsampling-scale-image-view	rk/Android/35xx_Android14/platform/external/subsampling-scale-image-view
platform/external/swiftshader	rk/Android/35xx_Android14/platform/external/swiftshader
platform/external/tagsoup	rk/Android/35xx_Android14/platform/external/tagsoup
platform/external/tcpdump	rk/Android/35xx_Android14/platform/external/tcpdump
platform/external/tensorflow	rk/Android/35xx_Android14/platform/external/tensorflow
platform/external/testng	rk/Android/35xx_Android14/platform/external/testng
platform/external/tflite-support	rk/Android/35xx_Android14/platform/external/tflite-support
platform/external/timezone-boundary-builder	rk/Android/35xx_Android14/platform/external/timezone-boundary-builder
platform/external/tinyalsa	rk/Android/35xx_Android14/platform/external/tinyalsa
platform/external/tinyalsa_new	rk/Android/35xx_Android14/platform/external/tinyalsa_new
platform/external/tinycompress	rk/Android/35xx_Android14/platform/external/tinycompress
platform/external/tinyxml2	rk/Android/35xx_Android14/platform/external/tinyxml2
platform/external/toolchain-utils	rk/Android/35xx_Android14/platform/external/toolchain-utils
platform/external/toybox	rk/Android/35xx_Android14/platform/external/toybox
platform/external/tpm2-tss	rk/Android/35xx_Android14/platform/external/tpm2-tss
platform/external/trace-cmd	rk/Android/35xx_Android14/platform/external/trace-cmd
platform/external/tremolo	rk/Android/35xx_Android14/platform/external/tremolo
platform/external/truth	rk/Android/35xx_Android14/platform/external/truth
platform/external/turbine	rk/Android/35xx_Android14/platform/external/turbine
platform/external/ukey2	rk/Android/35xx_Android14/platform/external/ukey2
platform/external/unicode	rk/Android/35xx_Android14/platform/external/unicode
platform/external/universal-tween-engine	rk/Android/35xx_Android14/platform/external/universal-tween-engine
platform/external/uwb	rk/Android/35xx_Android14/platform/external/uwb
platform/external/v4l2_codec2	rk/Android/35xx_Android14/platform/external/v4l2_codec2
platform/external/vboot_reference	rk/Android/35xx_Android14/platform/external/vboot_reference
platform/external/virglrenderer	rk/Android/35xx_Android14/platform/external/virglrenderer
platform/external/vixl	rk/Android/35xx_Android14/platform/external/vixl
platform/external/vogar	rk/Android/35xx_Android14/platform/external/vogar
platform/external/volley	rk/Android/35xx_Android14/platform/external/volley
platform/external/vulkan-headers	rk/Android/35xx_Android14/platform/external/vulkan-headers
platform/external/vulkan-validation-layers	rk/Android/35xx_Android14/platform/external/vulkan-validation-layers
platform/external/walt	rk/Android/35xx_Android14/platform/external/walt
platform/external/wayland	rk/Android/35xx_Android14/platform/external/wayland
platform/external/wayland-protocols	rk/Android/35xx_Android14/platform/external/wayland-protocols
platform/external/webp	rk/Android/35xx_Android14/platform/external/webp
platform/external/webrtc	rk/Android/35xx_Android14/platform/external/webrtc
platform/external/wmediumd	rk/Android/35xx_Android14/platform/external/wmediumd
platform/external/wpa_supplicant_8	rk/Android/35xx_Android14/platform/external/wpa_supplicant_8
platform/external/wuffs-mirror-release-c	rk/Android/35xx_Android14/platform/external/wuffs-mirror-release-c
platform/external/wycheproof	rk/Android/35xx_Android14/platform/external/wycheproof
platform/external/xmp_toolkit	rk/Android/35xx_Android14/platform/external/xmp_toolkit
platform/external/xz-embedded	rk/Android/35xx_Android14/platform/external/xz-embedded
platform/external/xz-java	rk/Android/35xx_Android14/platform/external/xz-java
platform/external/yapf	rk/Android/35xx_Android14/platform/external/yapf
platform/external/zlib	rk/Android/35xx_Android14/platform/external/zlib
platform/external/zopfli	rk/Android/35xx_Android14/platform/external/zopfli
platform/external/zstd	rk/Android/35xx_Android14/platform/external/zstd
platform/external/zucchini	rk/Android/35xx_Android14/platform/external/zucchini
platform/external/zxing	rk/Android/35xx_Android14/platform/external/zxing
platform/frameworks/av	rk/Android/35xx_Android14/platform/frameworks/av
platform/frameworks/base	rk/Android/35xx_Android14/platform/frameworks/base
platform/frameworks/compile/libbcc	rk/Android/35xx_Android14/platform/frameworks/compile/libbcc
platform/frameworks/compile/mclinker	rk/Android/35xx_Android14/platform/frameworks/compile/mclinker
platform/frameworks/compile/slang	rk/Android/35xx_Android14/platform/frameworks/compile/slang
platform/frameworks/ex	rk/Android/35xx_Android14/platform/frameworks/ex
platform/frameworks/hardware/interfaces	rk/Android/35xx_Android14/platform/frameworks/hardware/interfaces
platform/frameworks/layoutlib	rk/Android/35xx_Android14/platform/frameworks/layoutlib
platform/frameworks/libs/binary_translation	rk/Android/35xx_Android14/platform/frameworks/libs/binary_translation
platform/frameworks/libs/gsma_services	rk/Android/35xx_Android14/platform/frameworks/libs/gsma_services
platform/frameworks/libs/modules-utils	rk/Android/35xx_Android14/platform/frameworks/libs/modules-utils
platform/frameworks/libs/native_bridge_support	rk/Android/35xx_Android14/platform/frameworks/libs/native_bridge_support
platform/frameworks/libs/net	rk/Android/35xx_Android14/platform/frameworks/libs/net
platform/frameworks/libs/service_entitlement	rk/Android/35xx_Android14/platform/frameworks/libs/service_entitlement
platform/frameworks/libs/systemui	rk/Android/35xx_Android14/platform/frameworks/libs/systemui
platform/frameworks/minikin	rk/Android/35xx_Android14/platform/frameworks/minikin
platform/frameworks/multidex	rk/Android/35xx_Android14/platform/frameworks/multidex
platform/frameworks/native	rk/Android/35xx_Android14/platform/frameworks/native
platform/frameworks/opt/bitmap	rk/Android/35xx_Android14/platform/frameworks/opt/bitmap
platform/frameworks/opt/calendar	rk/Android/35xx_Android14/platform/frameworks/opt/calendar
platform/frameworks/opt/car/services	rk/Android/35xx_Android14/platform/frameworks/opt/car/services
platform/frameworks/opt/car/setupwizard	rk/Android/35xx_Android14/platform/frameworks/opt/car/setupwizard
platform/frameworks/opt/chips	rk/Android/35xx_Android14/platform/frameworks/opt/chips
platform/frameworks/opt/colorpicker	rk/Android/35xx_Android14/platform/frameworks/opt/colorpicker
platform/frameworks/opt/localepicker	rk/Android/35xx_Android14/platform/frameworks/opt/localepicker
platform/frameworks/opt/net/ethernet	rk/Android/35xx_Android14/platform/frameworks/opt/net/ethernet
platform/frameworks/opt/net/ims	rk/Android/35xx_Android14/platform/frameworks/opt/net/ims
platform/frameworks/opt/net/voip	rk/Android/35xx_Android14/platform/frameworks/opt/net/voip
platform/frameworks/opt/net/wifi	rk/Android/35xx_Android14/platform/frameworks/opt/net/wifi
platform/frameworks/opt/photoviewer	rk/Android/35xx_Android14/platform/frameworks/opt/photoviewer
platform/frameworks/opt/setupwizard	rk/Android/35xx_Android14/platform/frameworks/opt/setupwizard
platform/frameworks/opt/telephony	rk/Android/35xx_Android14/platform/frameworks/opt/telephony
platform/frameworks/opt/timezonepicker	rk/Android/35xx_Android14/platform/frameworks/opt/timezonepicker
platform/frameworks/opt/tv/tvsystem	rk/Android/35xx_Android14/platform/frameworks/opt/tv/tvsystem
platform/frameworks/opt/vcard	rk/Android/35xx_Android14/platform/frameworks/opt/vcard
platform/frameworks/proto_logging	rk/Android/35xx_Android14/platform/frameworks/proto_logging
platform/frameworks/rs	rk/Android/35xx_Android14/platform/frameworks/rs
platform/frameworks/wilhelm	rk/Android/35xx_Android14/platform/frameworks/wilhelm
platform/hardware/aic	rk/Android/35xx_Android14/platform/hardware/aic
platform/hardware/bes	rk/Android/35xx_Android14/platform/hardware/bes
platform/hardware/broadcom/libbt	rk/Android/35xx_Android14/platform/hardware/broadcom/libbt
platform/hardware/broadcom/wlan	rk/Android/35xx_Android14/platform/hardware/broadcom/wlan
platform/hardware/google/apf	rk/Android/35xx_Android14/platform/hardware/google/apf
platform/hardware/google/av	rk/Android/35xx_Android14/platform/hardware/google/av
platform/hardware/google/camera	rk/Android/35xx_Android14/platform/hardware/google/camera
platform/hardware/google/easel	rk/Android/35xx_Android14/platform/hardware/google/easel
platform/hardware/google/gchips	rk/Android/35xx_Android14/platform/hardware/google/gchips
platform/hardware/google/graphics/common	rk/Android/35xx_Android14/platform/hardware/google/graphics/common
platform/hardware/google/interfaces	rk/Android/35xx_Android14/platform/hardware/google/interfaces
platform/hardware/google/pixel	rk/Android/35xx_Android14/platform/hardware/google/pixel
platform/hardware/google/pixel-sepolicy	rk/Android/35xx_Android14/platform/hardware/google/pixel-sepolicy
platform/hardware/interfaces	rk/Android/35xx_Android14/platform/hardware/interfaces
platform/hardware/invensense	rk/Android/35xx_Android14/platform/hardware/invensense
platform/hardware/knowles/athletico/sound_trigger_hal	rk/Android/35xx_Android14/platform/hardware/knowles/athletico/sound_trigger_hal
platform/hardware/libhardware	rk/Android/35xx_Android14/platform/hardware/libhardware
platform/hardware/libhardware_legacy	rk/Android/35xx_Android14/platform/hardware/libhardware_legacy
platform/hardware/nxp/nfc	rk/Android/35xx_Android14/platform/hardware/nxp/nfc
platform/hardware/nxp/secure_element	rk/Android/35xx_Android14/platform/hardware/nxp/secure_element
platform/hardware/qcom/audio	rk/Android/35xx_Android14/platform/hardware/qcom/audio
platform/hardware/qcom/bootctrl	rk/Android/35xx_Android14/platform/hardware/qcom/bootctrl
platform/hardware/qcom/bt	rk/Android/35xx_Android14/platform/hardware/qcom/bt
platform/hardware/qcom/camera	rk/Android/35xx_Android14/platform/hardware/qcom/camera
platform/hardware/qcom/data/ipacfg-mgr	rk/Android/35xx_Android14/platform/hardware/qcom/data/ipacfg-mgr
platform/hardware/qcom/display	rk/Android/35xx_Android14/platform/hardware/qcom/display
platform/hardware/qcom/gps	rk/Android/35xx_Android14/platform/hardware/qcom/gps
platform/hardware/qcom/keymaster	rk/Android/35xx_Android14/platform/hardware/qcom/keymaster
platform/hardware/qcom/media	rk/Android/35xx_Android14/platform/hardware/qcom/media
platform/hardware/qcom/power	rk/Android/35xx_Android14/platform/hardware/qcom/power
platform/hardware/qcom/sm7150/gps	rk/Android/35xx_Android14/platform/hardware/qcom/sm7150/gps
platform/hardware/qcom/sm7250/display	rk/Android/35xx_Android14/platform/hardware/qcom/sm7250/display
platform/hardware/qcom/sm7250/gps	rk/Android/35xx_Android14/platform/hardware/qcom/sm7250/gps
platform/hardware/qcom/sm7250/media	rk/Android/35xx_Android14/platform/hardware/qcom/sm7250/media
platform/hardware/qcom/sm8150/data/ipacfg-mgr	rk/Android/35xx_Android14/platform/hardware/qcom/sm8150/data/ipacfg-mgr
platform/hardware/qcom/sm8150/display	rk/Android/35xx_Android14/platform/hardware/qcom/sm8150/display
platform/hardware/qcom/sm8150/gps	rk/Android/35xx_Android14/platform/hardware/qcom/sm8150/gps
platform/hardware/qcom/sm8150/media	rk/Android/35xx_Android14/platform/hardware/qcom/sm8150/media
platform/hardware/qcom/sm8150/thermal	rk/Android/35xx_Android14/platform/hardware/qcom/sm8150/thermal
platform/hardware/qcom/sm8150/vr	rk/Android/35xx_Android14/platform/hardware/qcom/sm8150/vr
platform/hardware/qcom/sm8150p/gps	rk/Android/35xx_Android14/platform/hardware/qcom/sm8150p/gps
platform/hardware/qcom/wlan	rk/Android/35xx_Android14/platform/hardware/qcom/wlan
platform/hardware/realtek	rk/Android/35xx_Android14/platform/hardware/realtek
platform/hardware/ril	rk/Android/35xx_Android14/platform/hardware/ril
platform/hardware/rockchip/wifi	rk/Android/35xx_Android14/platform/hardware/rockchip/wifi
platform/hardware/samsung/nfc	rk/Android/35xx_Android14/platform/hardware/samsung/nfc
platform/hardware/st/nfc	rk/Android/35xx_Android14/platform/hardware/st/nfc
platform/hardware/st/secure_element	rk/Android/35xx_Android14/platform/hardware/st/secure_element
platform/hardware/st/secure_element2	rk/Android/35xx_Android14/platform/hardware/st/secure_element2
platform/hardware/ti/am57x	rk/Android/35xx_Android14/platform/hardware/ti/am57x
platform/libcore	rk/Android/35xx_Android14/platform/libcore
platform/libnativehelper	rk/Android/35xx_Android14/platform/libnativehelper
platform/mkcombinedroot	rk/Android/35xx_Android14/platform/mkcombinedroot
platform/packages/apps/BasicSmsReceiver	rk/Android/35xx_Android14/platform/packages/apps/BasicSmsReceiver
platform/packages/apps/Browser2	rk/Android/35xx_Android14/platform/packages/apps/Browser2
platform/packages/apps/Calendar	rk/Android/35xx_Android14/platform/packages/apps/Calendar
platform/packages/apps/Camera2	rk/Android/35xx_Android14/platform/packages/apps/Camera2
platform/packages/apps/Car/Cluster	rk/Android/35xx_Android14/platform/packages/apps/Car/Cluster
platform/packages/apps/Car/DebuggingRestrictionController	rk/Android/35xx_Android14/platform/packages/apps/Car/DebuggingRestrictionController
platform/packages/apps/Car/DialerPrebuilt	rk/Android/35xx_Android14/platform/packages/apps/Car/DialerPrebuilt
platform/packages/apps/Car/LatinIME	rk/Android/35xx_Android14/platform/packages/apps/Car/LatinIME
platform/packages/apps/Car/Launcher	rk/Android/35xx_Android14/platform/packages/apps/Car/Launcher
platform/packages/apps/Car/LinkViewer	rk/Android/35xx_Android14/platform/packages/apps/Car/LinkViewer
platform/packages/apps/Car/LocalMediaPlayer	rk/Android/35xx_Android14/platform/packages/apps/Car/LocalMediaPlayer
platform/packages/apps/Car/MediaPrebuilt	rk/Android/35xx_Android14/platform/packages/apps/Car/MediaPrebuilt
platform/packages/apps/Car/MessengerPrebuilt	rk/Android/35xx_Android14/platform/packages/apps/Car/MessengerPrebuilt
platform/packages/apps/Car/Notification	rk/Android/35xx_Android14/platform/packages/apps/Car/Notification
platform/packages/apps/Car/Provision	rk/Android/35xx_Android14/platform/packages/apps/Car/Provision
platform/packages/apps/Car/Radio	rk/Android/35xx_Android14/platform/packages/apps/Car/Radio
platform/packages/apps/Car/RotaryController	rk/Android/35xx_Android14/platform/packages/apps/Car/RotaryController
platform/packages/apps/Car/Settings	rk/Android/35xx_Android14/platform/packages/apps/Car/Settings
platform/packages/apps/Car/SettingsIntelligence	rk/Android/35xx_Android14/platform/packages/apps/Car/SettingsIntelligence
platform/packages/apps/Car/SystemUI	rk/Android/35xx_Android14/platform/packages/apps/Car/SystemUI
platform/packages/apps/Car/SystemUpdater	rk/Android/35xx_Android14/platform/packages/apps/Car/SystemUpdater
platform/packages/apps/Car/systemlibs	rk/Android/35xx_Android14/platform/packages/apps/Car/systemlibs
platform/packages/apps/CarrierConfig	rk/Android/35xx_Android14/platform/packages/apps/CarrierConfig
platform/packages/apps/CellBroadcastReceiver	rk/Android/35xx_Android14/platform/packages/apps/CellBroadcastReceiver
platform/packages/apps/CertInstaller	rk/Android/35xx_Android14/platform/packages/apps/CertInstaller
platform/packages/apps/Contacts	rk/Android/35xx_Android14/platform/packages/apps/Contacts
platform/packages/apps/DeskClock	rk/Android/35xx_Android14/platform/packages/apps/DeskClock
platform/packages/apps/DevCamera	rk/Android/35xx_Android14/platform/packages/apps/DevCamera
platform/packages/apps/Dialer	rk/Android/35xx_Android14/platform/packages/apps/Dialer
platform/packages/apps/DocumentsUI	rk/Android/35xx_Android14/platform/packages/apps/DocumentsUI
platform/packages/apps/EmergencyInfo	rk/Android/35xx_Android14/platform/packages/apps/EmergencyInfo
platform/packages/apps/ExactCalculator	rk/Android/35xx_Android14/platform/packages/apps/ExactCalculator
platform/packages/apps/Gallery	rk/Android/35xx_Android14/platform/packages/apps/Gallery
platform/packages/apps/Gallery2	rk/Android/35xx_Android14/platform/packages/apps/Gallery2
platform/packages/apps/HTMLViewer	rk/Android/35xx_Android14/platform/packages/apps/HTMLViewer
platform/packages/apps/ImsServiceEntitlement	rk/Android/35xx_Android14/platform/packages/apps/ImsServiceEntitlement
platform/packages/apps/KeyChain	rk/Android/35xx_Android14/platform/packages/apps/KeyChain
platform/packages/apps/Launcher3	rk/Android/35xx_Android14/platform/packages/apps/Launcher3
platform/packages/apps/LegacyCamera	rk/Android/35xx_Android14/platform/packages/apps/LegacyCamera
platform/packages/apps/ManagedProvisioning	rk/Android/35xx_Android14/platform/packages/apps/ManagedProvisioning
platform/packages/apps/Messaging	rk/Android/35xx_Android14/platform/packages/apps/Messaging
platform/packages/apps/Music	rk/Android/35xx_Android14/platform/packages/apps/Music
platform/packages/apps/MusicFX	rk/Android/35xx_Android14/platform/packages/apps/MusicFX
platform/packages/apps/Nfc	rk/Android/35xx_Android14/platform/packages/apps/Nfc
platform/packages/apps/OnDeviceAppPrediction	rk/Android/35xx_Android14/platform/packages/apps/OnDeviceAppPrediction
platform/packages/apps/PhoneCommon	rk/Android/35xx_Android14/platform/packages/apps/PhoneCommon
platform/packages/apps/Protips	rk/Android/35xx_Android14/platform/packages/apps/Protips
platform/packages/apps/Provision	rk/Android/35xx_Android14/platform/packages/apps/Provision
platform/packages/apps/QuickAccessWallet	rk/Android/35xx_Android14/platform/packages/apps/QuickAccessWallet
platform/packages/apps/QuickSearchBox	rk/Android/35xx_Android14/platform/packages/apps/QuickSearchBox
platform/packages/apps/SafetyRegulatoryInfo	rk/Android/35xx_Android14/platform/packages/apps/SafetyRegulatoryInfo
platform/packages/apps/SampleLocationAttribution	rk/Android/35xx_Android14/platform/packages/apps/SampleLocationAttribution
platform/packages/apps/SecureElement	rk/Android/35xx_Android14/platform/packages/apps/SecureElement
platform/packages/apps/Settings	rk/Android/35xx_Android14/platform/packages/apps/Settings
platform/packages/apps/SettingsIntelligence	rk/Android/35xx_Android14/platform/packages/apps/SettingsIntelligence
platform/packages/apps/SoundRecorder	rk/Android/35xx_Android14/platform/packages/apps/SoundRecorder
platform/packages/apps/SpareParts	rk/Android/35xx_Android14/platform/packages/apps/SpareParts
platform/packages/apps/Stk	rk/Android/35xx_Android14/platform/packages/apps/Stk
platform/packages/apps/StorageManager	rk/Android/35xx_Android14/platform/packages/apps/StorageManager
platform/packages/apps/SystemUIGo	rk/Android/35xx_Android14/platform/packages/apps/SystemUIGo
platform/packages/apps/TV	rk/Android/35xx_Android14/platform/packages/apps/TV
platform/packages/apps/Tag	rk/Android/35xx_Android14/platform/packages/apps/Tag
platform/packages/apps/Test/connectivity	rk/Android/35xx_Android14/platform/packages/apps/Test/connectivity
platform/packages/apps/ThemePicker	rk/Android/35xx_Android14/platform/packages/apps/ThemePicker
platform/packages/apps/Traceur	rk/Android/35xx_Android14/platform/packages/apps/Traceur
platform/packages/apps/TvSettings	rk/Android/35xx_Android14/platform/packages/apps/TvSettings
platform/packages/apps/TvSystemUI	rk/Android/35xx_Android14/platform/packages/apps/TvSystemUI
platform/packages/apps/UniversalMediaPlayer	rk/Android/35xx_Android14/platform/packages/apps/UniversalMediaPlayer
platform/packages/apps/WallpaperPicker	rk/Android/35xx_Android14/platform/packages/apps/WallpaperPicker
platform/packages/apps/WallpaperPicker2	rk/Android/35xx_Android14/platform/packages/apps/WallpaperPicker2
platform/packages/inputmethods/LatinIME	rk/Android/35xx_Android14/platform/packages/inputmethods/LatinIME
platform/packages/inputmethods/LeanbackIME	rk/Android/35xx_Android14/platform/packages/inputmethods/LeanbackIME
platform/packages/modules/AdServices	rk/Android/35xx_Android14/platform/packages/modules/AdServices
platform/packages/modules/AppSearch	rk/Android/35xx_Android14/platform/packages/modules/AppSearch
platform/packages/modules/ArtPrebuilt	rk/Android/35xx_Android14/platform/packages/modules/ArtPrebuilt
platform/packages/modules/Bluetooth	rk/Android/35xx_Android14/platform/packages/modules/Bluetooth
platform/packages/modules/CaptivePortalLogin	rk/Android/35xx_Android14/platform/packages/modules/CaptivePortalLogin
platform/packages/modules/CellBroadcastService	rk/Android/35xx_Android14/platform/packages/modules/CellBroadcastService
platform/packages/modules/ConfigInfrastructure	rk/Android/35xx_Android14/platform/packages/modules/ConfigInfrastructure
platform/packages/modules/Connectivity	rk/Android/35xx_Android14/platform/packages/modules/Connectivity
platform/packages/modules/Cronet	rk/Android/35xx_Android14/platform/packages/modules/Cronet
platform/packages/modules/DeviceLock	rk/Android/35xx_Android14/platform/packages/modules/DeviceLock
platform/packages/modules/DnsResolver	rk/Android/35xx_Android14/platform/packages/modules/DnsResolver
platform/packages/modules/ExtServices	rk/Android/35xx_Android14/platform/packages/modules/ExtServices
platform/packages/modules/GeoTZ	rk/Android/35xx_Android14/platform/packages/modules/GeoTZ
platform/packages/modules/Gki	rk/Android/35xx_Android14/platform/packages/modules/Gki
platform/packages/modules/HealthFitness	rk/Android/35xx_Android14/platform/packages/modules/HealthFitness
platform/packages/modules/IPsec	rk/Android/35xx_Android14/platform/packages/modules/IPsec
platform/packages/modules/ImsMedia	rk/Android/35xx_Android14/platform/packages/modules/ImsMedia
platform/packages/modules/IntentResolver	rk/Android/35xx_Android14/platform/packages/modules/IntentResolver
platform/packages/modules/Media	rk/Android/35xx_Android14/platform/packages/modules/Media
platform/packages/modules/ModuleMetadata	rk/Android/35xx_Android14/platform/packages/modules/ModuleMetadata
platform/packages/modules/NetworkPermissionConfig	rk/Android/35xx_Android14/platform/packages/modules/NetworkPermissionConfig
platform/packages/modules/NetworkStack	rk/Android/35xx_Android14/platform/packages/modules/NetworkStack
platform/packages/modules/NeuralNetworks	rk/Android/35xx_Android14/platform/packages/modules/NeuralNetworks
platform/packages/modules/OnDevicePersonalization	rk/Android/35xx_Android14/platform/packages/modules/OnDevicePersonalization
platform/packages/modules/Permission	rk/Android/35xx_Android14/platform/packages/modules/Permission
platform/packages/modules/RemoteKeyProvisioning	rk/Android/35xx_Android14/platform/packages/modules/RemoteKeyProvisioning
platform/packages/modules/RuntimeI18n	rk/Android/35xx_Android14/platform/packages/modules/RuntimeI18n
platform/packages/modules/SEPolicy	rk/Android/35xx_Android14/platform/packages/modules/SEPolicy
platform/packages/modules/Scheduling	rk/Android/35xx_Android14/platform/packages/modules/Scheduling
platform/packages/modules/SdkExtensions	rk/Android/35xx_Android14/platform/packages/modules/SdkExtensions
platform/packages/modules/StatsD	rk/Android/35xx_Android14/platform/packages/modules/StatsD
platform/packages/modules/Telephony	rk/Android/35xx_Android14/platform/packages/modules/Telephony
platform/packages/modules/TestModule	rk/Android/35xx_Android14/platform/packages/modules/TestModule
platform/packages/modules/ThreadNetwork	rk/Android/35xx_Android14/platform/packages/modules/ThreadNetwork
platform/packages/modules/Uwb	rk/Android/35xx_Android14/platform/packages/modules/Uwb
platform/packages/modules/Virtualization	rk/Android/35xx_Android14/platform/packages/modules/Virtualization
platform/packages/modules/Wifi	rk/Android/35xx_Android14/platform/packages/modules/Wifi
platform/packages/modules/adb	rk/Android/35xx_Android14/platform/packages/modules/adb
platform/packages/modules/common	rk/Android/35xx_Android14/platform/packages/modules/common
platform/packages/modules/vndk	rk/Android/35xx_Android14/platform/packages/modules/vndk
platform/packages/providers/BlockedNumberProvider	rk/Android/35xx_Android14/platform/packages/providers/BlockedNumberProvider
platform/packages/providers/BookmarkProvider	rk/Android/35xx_Android14/platform/packages/providers/BookmarkProvider
platform/packages/providers/CalendarProvider	rk/Android/35xx_Android14/platform/packages/providers/CalendarProvider
platform/packages/providers/CallLogProvider	rk/Android/35xx_Android14/platform/packages/providers/CallLogProvider
platform/packages/providers/ContactsProvider	rk/Android/35xx_Android14/platform/packages/providers/ContactsProvider
platform/packages/providers/DownloadProvider	rk/Android/35xx_Android14/platform/packages/providers/DownloadProvider
platform/packages/providers/MediaProvider	rk/Android/35xx_Android14/platform/packages/providers/MediaProvider
platform/packages/providers/PartnerBookmarksProvider	rk/Android/35xx_Android14/platform/packages/providers/PartnerBookmarksProvider
platform/packages/providers/TelephonyProvider	rk/Android/35xx_Android14/platform/packages/providers/TelephonyProvider
platform/packages/providers/TvProvider	rk/Android/35xx_Android14/platform/packages/providers/TvProvider
platform/packages/providers/UserDictionaryProvider	rk/Android/35xx_Android14/platform/packages/providers/UserDictionaryProvider
platform/packages/screensavers/Basic	rk/Android/35xx_Android14/platform/packages/screensavers/Basic
platform/packages/screensavers/PhotoTable	rk/Android/35xx_Android14/platform/packages/screensavers/PhotoTable
platform/packages/services/AlternativeNetworkAccess	rk/Android/35xx_Android14/platform/packages/services/AlternativeNetworkAccess
platform/packages/services/BuiltInPrintService	rk/Android/35xx_Android14/platform/packages/services/BuiltInPrintService
platform/packages/services/Car	rk/Android/35xx_Android14/platform/packages/services/Car
platform/packages/services/DeviceAsWebcam	rk/Android/35xx_Android14/platform/packages/services/DeviceAsWebcam
platform/packages/services/Iwlan	rk/Android/35xx_Android14/platform/packages/services/Iwlan
platform/packages/services/Mms	rk/Android/35xx_Android14/platform/packages/services/Mms
platform/packages/services/Mtp	rk/Android/35xx_Android14/platform/packages/services/Mtp
platform/packages/services/Telecomm	rk/Android/35xx_Android14/platform/packages/services/Telecomm
platform/packages/services/Telephony	rk/Android/35xx_Android14/platform/packages/services/Telephony
platform/packages/wallpapers/ImageWallpaper	rk/Android/35xx_Android14/platform/packages/wallpapers/ImageWallpaper
platform/packages/wallpapers/LivePicker	rk/Android/35xx_Android14/platform/packages/wallpapers/LivePicker
platform/pdk	rk/Android/35xx_Android14/platform/pdk
platform/platform_testing	rk/Android/35xx_Android14/platform/platform_testing
platform/prebuilts/abi-dumps/ndk	rk/Android/35xx_Android14/platform/prebuilts/abi-dumps/ndk
platform/prebuilts/abi-dumps/platform	rk/Android/35xx_Android14/platform/prebuilts/abi-dumps/platform
platform/prebuilts/abi-dumps/vndk	rk/Android/35xx_Android14/platform/prebuilts/abi-dumps/vndk
platform/prebuilts/android-emulator	rk/Android/35xx_Android14/platform/prebuilts/android-emulator
platform/prebuilts/asuite	rk/Android/35xx_Android14/platform/prebuilts/asuite
platform/prebuilts/bazel/common	rk/Android/35xx_Android14/platform/prebuilts/bazel/common
platform/prebuilts/bazel/darwin-x86_64	rk/Android/35xx_Android14/platform/prebuilts/bazel/darwin-x86_64
platform/prebuilts/bazel/linux-x86_64	rk/Android/35xx_Android14/platform/prebuilts/bazel/linux-x86_64
platform/prebuilts/build-tools	rk/Android/35xx_Android14/platform/prebuilts/build-tools
platform/prebuilts/bundletool	rk/Android/35xx_Android14/platform/prebuilts/bundletool
platform/prebuilts/checkcolor	rk/Android/35xx_Android14/platform/prebuilts/checkcolor
platform/prebuilts/checkstyle	rk/Android/35xx_Android14/platform/prebuilts/checkstyle
platform/prebuilts/clang-tools	rk/Android/35xx_Android14/platform/prebuilts/clang-tools
platform/prebuilts/clang/host/darwin-x86	rk/Android/35xx_Android14/platform/prebuilts/clang/host/darwin-x86
platform/prebuilts/clang/host/linux-x86	rk/Android/35xx_Android14/platform/prebuilts/clang/host/linux-x86
platform/prebuilts/cmdline-tools	rk/Android/35xx_Android14/platform/prebuilts/cmdline-tools
platform/prebuilts/devtools	rk/Android/35xx_Android14/platform/prebuilts/devtools
platform/prebuilts/gcc/linux-x86/host/x86_64-linux-glibc2.17-4.8	rk/Android/35xx_Android14/platform/prebuilts/gcc/linux-x86/host/x86_64-linux-glibc2.17-4.8
platform/prebuilts/gcc/linux-x86/host/x86_64-w64-mingw32-4.8	rk/Android/35xx_Android14/platform/prebuilts/gcc/linux-x86/host/x86_64-w64-mingw32-4.8
platform/prebuilts/go/darwin-x86	rk/Android/35xx_Android14/platform/prebuilts/go/darwin-x86
platform/prebuilts/go/linux-x86	rk/Android/35xx_Android14/platform/prebuilts/go/linux-x86
platform/prebuilts/gradle-plugin	rk/Android/35xx_Android14/platform/prebuilts/gradle-plugin
platform/prebuilts/jdk/jdk11	rk/Android/35xx_Android14/platform/prebuilts/jdk/jdk11
platform/prebuilts/jdk/jdk17	rk/Android/35xx_Android14/platform/prebuilts/jdk/jdk17
platform/prebuilts/jdk/jdk8	rk/Android/35xx_Android14/platform/prebuilts/jdk/jdk8
platform/prebuilts/jdk/jdk9	rk/Android/35xx_Android14/platform/prebuilts/jdk/jdk9
platform/prebuilts/ktlint	rk/Android/35xx_Android14/platform/prebuilts/ktlint
platform/prebuilts/manifest-merger	rk/Android/35xx_Android14/platform/prebuilts/manifest-merger
platform/prebuilts/maven_repo/bumptech	rk/Android/35xx_Android14/platform/prebuilts/maven_repo/bumptech
platform/prebuilts/misc	rk/Android/35xx_Android14/platform/prebuilts/misc
platform/prebuilts/module_sdk/AdServices	rk/Android/35xx_Android14/platform/prebuilts/module_sdk/AdServices
platform/prebuilts/module_sdk/AppSearch	rk/Android/35xx_Android14/platform/prebuilts/module_sdk/AppSearch
platform/prebuilts/module_sdk/Bluetooth	rk/Android/35xx_Android14/platform/prebuilts/module_sdk/Bluetooth
platform/prebuilts/module_sdk/ConfigInfrastructure	rk/Android/35xx_Android14/platform/prebuilts/module_sdk/ConfigInfrastructure
platform/prebuilts/module_sdk/Connectivity	rk/Android/35xx_Android14/platform/prebuilts/module_sdk/Connectivity
platform/prebuilts/module_sdk/DeviceLock	rk/Android/35xx_Android14/platform/prebuilts/module_sdk/DeviceLock
platform/prebuilts/module_sdk/HealthFitness	rk/Android/35xx_Android14/platform/prebuilts/module_sdk/HealthFitness
platform/prebuilts/module_sdk/IPsec	rk/Android/35xx_Android14/platform/prebuilts/module_sdk/IPsec
platform/prebuilts/module_sdk/Media	rk/Android/35xx_Android14/platform/prebuilts/module_sdk/Media
platform/prebuilts/module_sdk/MediaProvider	rk/Android/35xx_Android14/platform/prebuilts/module_sdk/MediaProvider
platform/prebuilts/module_sdk/OnDevicePersonalization	rk/Android/35xx_Android14/platform/prebuilts/module_sdk/OnDevicePersonalization
platform/prebuilts/module_sdk/Permission	rk/Android/35xx_Android14/platform/prebuilts/module_sdk/Permission
platform/prebuilts/module_sdk/RemoteKeyProvisioning	rk/Android/35xx_Android14/platform/prebuilts/module_sdk/RemoteKeyProvisioning
platform/prebuilts/module_sdk/Scheduling	rk/Android/35xx_Android14/platform/prebuilts/module_sdk/Scheduling
platform/prebuilts/module_sdk/SdkExtensions	rk/Android/35xx_Android14/platform/prebuilts/module_sdk/SdkExtensions
platform/prebuilts/module_sdk/StatsD	rk/Android/35xx_Android14/platform/prebuilts/module_sdk/StatsD
platform/prebuilts/module_sdk/Uwb	rk/Android/35xx_Android14/platform/prebuilts/module_sdk/Uwb
platform/prebuilts/module_sdk/Wifi	rk/Android/35xx_Android14/platform/prebuilts/module_sdk/Wifi
platform/prebuilts/module_sdk/art	rk/Android/35xx_Android14/platform/prebuilts/module_sdk/art
platform/prebuilts/module_sdk/conscrypt	rk/Android/35xx_Android14/platform/prebuilts/module_sdk/conscrypt
platform/prebuilts/ndk	rk/Android/35xx_Android14/platform/prebuilts/ndk
platform/prebuilts/qemu-kernel	rk/Android/35xx_Android14/platform/prebuilts/qemu-kernel
platform/prebuilts/r8	rk/Android/35xx_Android14/platform/prebuilts/r8
platform/prebuilts/remoteexecution-client	rk/Android/35xx_Android14/platform/prebuilts/remoteexecution-client
platform/prebuilts/runtime	rk/Android/35xx_Android14/platform/prebuilts/runtime
platform/prebuilts/rust	rk/Android/35xx_Android14/platform/prebuilts/rust
platform/prebuilts/sdk	rk/Android/35xx_Android14/platform/prebuilts/sdk
platform/prebuilts/tools	rk/Android/35xx_Android14/platform/prebuilts/tools
platform/prebuilts/vndk/v29	rk/Android/35xx_Android14/platform/prebuilts/vndk/v29
platform/prebuilts/vndk/v30	rk/Android/35xx_Android14/platform/prebuilts/vndk/v30
platform/prebuilts/vndk/v31	rk/Android/35xx_Android14/platform/prebuilts/vndk/v31
platform/prebuilts/vndk/v32	rk/Android/35xx_Android14/platform/prebuilts/vndk/v32
platform/prebuilts/vndk/v33	rk/Android/35xx_Android14/platform/prebuilts/vndk/v33
platform/sdk	rk/Android/35xx_Android14/platform/sdk
platform/system/apex	rk/Android/35xx_Android14/platform/system/apex
platform/system/bpf	rk/Android/35xx_Android14/platform/system/bpf
platform/system/bpfprogs	rk/Android/35xx_Android14/platform/system/bpfprogs
platform/system/ca-certificates	rk/Android/35xx_Android14/platform/system/ca-certificates
platform/system/chre	rk/Android/35xx_Android14/platform/system/chre
platform/system/connectivity/wificond	rk/Android/35xx_Android14/platform/system/connectivity/wificond
platform/system/core	rk/Android/35xx_Android14/platform/system/core
platform/system/dmesgd	rk/Android/35xx_Android14/platform/system/dmesgd
platform/system/extras	rk/Android/35xx_Android14/platform/system/extras
platform/system/gatekeeper	rk/Android/35xx_Android14/platform/system/gatekeeper
platform/system/gsid	rk/Android/35xx_Android14/platform/system/gsid
platform/system/hardware/interfaces	rk/Android/35xx_Android14/platform/system/hardware/interfaces
platform/system/hwservicemanager	rk/Android/35xx_Android14/platform/system/hwservicemanager
platform/system/incremental_delivery	rk/Android/35xx_Android14/platform/system/incremental_delivery
platform/system/iorap	rk/Android/35xx_Android14/platform/system/iorap
platform/system/keymaster	rk/Android/35xx_Android14/platform/system/keymaster
platform/system/keymint	rk/Android/35xx_Android14/platform/system/keymint
platform/system/libartpalette	rk/Android/35xx_Android14/platform/system/libartpalette
platform/system/libbase	rk/Android/35xx_Android14/platform/system/libbase
platform/system/libcppbor	rk/Android/35xx_Android14/platform/system/libcppbor
platform/system/libfmq	rk/Android/35xx_Android14/platform/system/libfmq
platform/system/libhidl	rk/Android/35xx_Android14/platform/system/libhidl
platform/system/libhwbinder	rk/Android/35xx_Android14/platform/system/libhwbinder
platform/system/libprocinfo	rk/Android/35xx_Android14/platform/system/libprocinfo
platform/system/librustutils	rk/Android/35xx_Android14/platform/system/librustutils
platform/system/libsysprop	rk/Android/35xx_Android14/platform/system/libsysprop
platform/system/libufdt	rk/Android/35xx_Android14/platform/system/libufdt
platform/system/libvintf	rk/Android/35xx_Android14/platform/system/libvintf
platform/system/libziparchive	rk/Android/35xx_Android14/platform/system/libziparchive
platform/system/linkerconfig	rk/Android/35xx_Android14/platform/system/linkerconfig
platform/system/logging	rk/Android/35xx_Android14/platform/system/logging
platform/system/media	rk/Android/35xx_Android14/platform/system/media
platform/system/memory/libdmabufheap	rk/Android/35xx_Android14/platform/system/memory/libdmabufheap
platform/system/memory/libion	rk/Android/35xx_Android14/platform/system/memory/libion
platform/system/memory/libmeminfo	rk/Android/35xx_Android14/platform/system/memory/libmeminfo
platform/system/memory/libmemtrack	rk/Android/35xx_Android14/platform/system/memory/libmemtrack
platform/system/memory/libmemunreachable	rk/Android/35xx_Android14/platform/system/memory/libmemunreachable
platform/system/memory/lmkd	rk/Android/35xx_Android14/platform/system/memory/lmkd
platform/system/netd	rk/Android/35xx_Android14/platform/system/netd
platform/system/nfc	rk/Android/35xx_Android14/platform/system/nfc
platform/system/nvram	rk/Android/35xx_Android14/platform/system/nvram
platform/system/security	rk/Android/35xx_Android14/platform/system/security
platform/system/sepolicy	rk/Android/35xx_Android14/platform/system/sepolicy
platform/system/server_configurable_flags	rk/Android/35xx_Android14/platform/system/server_configurable_flags
platform/system/teeui	rk/Android/35xx_Android14/platform/system/teeui
platform/system/testing/gtest_extras	rk/Android/35xx_Android14/platform/system/testing/gtest_extras
platform/system/timezone	rk/Android/35xx_Android14/platform/system/timezone
platform/system/tools/aidl	rk/Android/35xx_Android14/platform/system/tools/aidl
platform/system/tools/hidl	rk/Android/35xx_Android14/platform/system/tools/hidl
platform/system/tools/mkbootimg	rk/Android/35xx_Android14/platform/system/tools/mkbootimg
platform/system/tools/release_tools	rk/Android/35xx_Android14/platform/system/tools/release_tools
platform/system/tools/sysprop	rk/Android/35xx_Android14/platform/system/tools/sysprop
platform/system/tools/xsdc	rk/Android/35xx_Android14/platform/system/tools/xsdc
platform/system/unwinding	rk/Android/35xx_Android14/platform/system/unwinding
platform/system/update_engine	rk/Android/35xx_Android14/platform/system/update_engine
platform/system/vold	rk/Android/35xx_Android14/platform/system/vold
platform/test/app_compat/csuite	rk/Android/35xx_Android14/platform/test/app_compat/csuite
platform/test/catbox	rk/Android/35xx_Android14/platform/test/catbox
platform/test/cts-root	rk/Android/35xx_Android14/platform/test/cts-root
platform/test/dittosuite	rk/Android/35xx_Android14/platform/test/dittosuite
platform/test/framework	rk/Android/35xx_Android14/platform/test/framework
platform/test/mlts/benchmark	rk/Android/35xx_Android14/platform/test/mlts/benchmark
platform/test/mlts/models	rk/Android/35xx_Android14/platform/test/mlts/models
platform/test/mts	rk/Android/35xx_Android14/platform/test/mts
platform/test/robolectric-extensions	rk/Android/35xx_Android14/platform/test/robolectric-extensions
platform/test/vts	rk/Android/35xx_Android14/platform/test/vts
platform/test/vts-testcase/hal	rk/Android/35xx_Android14/platform/test/vts-testcase/hal
platform/test/vts-testcase/hal-trace	rk/Android/35xx_Android14/platform/test/vts-testcase/hal-trace
platform/test/vts-testcase/kernel	rk/Android/35xx_Android14/platform/test/vts-testcase/kernel
platform/test/vts-testcase/nbu	rk/Android/35xx_Android14/platform/test/vts-testcase/nbu
platform/test/vts-testcase/performance	rk/Android/35xx_Android14/platform/test/vts-testcase/performance
platform/test/vts-testcase/security	rk/Android/35xx_Android14/platform/test/vts-testcase/security
platform/test/vts-testcase/vndk	rk/Android/35xx_Android14/platform/test/vts-testcase/vndk
platform/tools/aadevtools	rk/Android/35xx_Android14/platform/tools/aadevtools
platform/tools/acloud	rk/Android/35xx_Android14/platform/tools/acloud
platform/tools/apifinder	rk/Android/35xx_Android14/platform/tools/apifinder
platform/tools/apksig	rk/Android/35xx_Android14/platform/tools/apksig
platform/tools/apkzlib	rk/Android/35xx_Android14/platform/tools/apkzlib
platform/tools/asuite	rk/Android/35xx_Android14/platform/tools/asuite
platform/tools/carrier_settings	rk/Android/35xx_Android14/platform/tools/carrier_settings
platform/tools/currysrc	rk/Android/35xx_Android14/platform/tools/currysrc
platform/tools/dexter	rk/Android/35xx_Android14/platform/tools/dexter
platform/tools/doc_generation	rk/Android/35xx_Android14/platform/tools/doc_generation
platform/tools/external/fat32lib	rk/Android/35xx_Android14/platform/tools/external/fat32lib
platform/tools/external_updater	rk/Android/35xx_Android14/platform/tools/external_updater
platform/tools/loganalysis	rk/Android/35xx_Android14/platform/tools/loganalysis
platform/tools/metalava	rk/Android/35xx_Android14/platform/tools/metalava
platform/tools/ndkports	rk/Android/35xx_Android14/platform/tools/ndkports
platform/tools/netsim	rk/Android/35xx_Android14/platform/tools/netsim
platform/tools/repohooks	rk/Android/35xx_Android14/platform/tools/repohooks
platform/tools/security	rk/Android/35xx_Android14/platform/tools/security
platform/tools/test/connectivity	rk/Android/35xx_Android14/platform/tools/test/connectivity
platform/tools/test/graphicsbenchmark	rk/Android/35xx_Android14/platform/tools/test/graphicsbenchmark
platform/tools/test/mobly_extensions	rk/Android/35xx_Android14/platform/tools/test/mobly_extensions
platform/tools/test/mobly_snippets	rk/Android/35xx_Android14/platform/tools/test/mobly_snippets
platform/tools/test/openhst	rk/Android/35xx_Android14/platform/tools/test/openhst
platform/tools/tradefederation/prebuilts	rk/Android/35xx_Android14/platform/tools/tradefederation/prebuilts
platform/tools/treble	rk/Android/35xx_Android14/platform/tools/treble
platform/tools/trebuchet	rk/Android/35xx_Android14/platform/tools/trebuchet
rk.kernel-stable	rk/Linux/kernel-stable
rk.librkcrypto	rk/Linux/librkcrypto
rk.mcu.hal	rk/Linux/mcu/hal
rk.mcu.hal.applications	rk/Linux/mcu/hal/applications
rk.mcu.hal.board	rk/Linux/mcu/hal/board
rk.mcu.hal.middleware	rk/Linux/mcu/hal/middleware
rk.mcu.hal.test	rk/Linux/mcu/hal/test
rk.mpp	rk/Linux/mpp
rk.prebuilts.arm-gnu-toolchain-13.2.rel1-x86_64-aarch64-none-elf	rk/Linux/prebuilts/arm-gnu-toolchain-13.2.rel1-x86_64-aarch64-none-elf
rk.prebuilts.gcc-arm-10.3-2021.07-x86_64-aarch64-none-linux-gnu	rk/Linux/prebuilts/gcc-arm-10.3-2021.07-x86_64-aarch64-none-linux-gnu
rk.prebuilts.gcc-arm-10.3-2021.07-x86_64-arm-none-linux-gnueabihf	rk/Linux/prebuilts/gcc-arm-10.3-2021.07-x86_64-arm-none-linux-gnueabihf
rk.prebuilts.gcc-arm-none-eabi-10-2020-q4-major-x86_64-linux	rk/Linux/prebuilts/gcc-arm-none-eabi-10-2020-q4-major-x86_64-linux
rk.rkbin	rk/Linux/rkbin
rk.rknn-toolkit2	rk/Linux/rknn-toolkit2
rk.rknpu2	rk/Linux/rknpu2
rk/android/libebook	rk/Android/35xx_Android14/rk/android/libebook
rk/android/libvdpp	rk/Android/35xx_Android14/rk/android/libvdpp
rk/device/rockchip/rk3576	rk/Android/35xx_Android14/rk/device/rockchip/rk3576
rk/device/rockchip/rk3576/rk3576_ebook	rk/Android/35xx_Android14/rk/device/rockchip/rk3576/rk3576_ebook
rk/device/rockchip/rksdk	rk/Android/35xx_Android14/rk/device/rockchip/rksdk
rk/eink-paint	rk/Android/35xx_Android14/rk/eink-paint
rk/hardware/libgralloc/bifrost	rk/Android/35xx_Android14/rk/hardware/libgralloc/bifrost
rk/hardware/libgralloc/midgard	rk/Android/35xx_Android14/rk/hardware/libgralloc/midgard
rk/hardware/libgralloc/utgard_new	rk/Android/35xx_Android14/rk/hardware/libgralloc/utgard_new
rk/hardware/rk29/audio	rk/Android/35xx_Android14/rk/hardware/rk29/audio
rk/hardware/rk29/bootctrl	rk/Android/35xx_Android14/rk/hardware/rk29/bootctrl
rk/hardware/rk29/camera360	rk/Android/35xx_Android14/rk/hardware/rk29/camera360
rk/hardware/rk29/camera_engine_rkisp	rk/Android/35xx_Android14/rk/hardware/rk29/camera_engine_rkisp
rk/hardware/rk29/camera_v3	rk/Android/35xx_Android14/rk/hardware/rk29/camera_v3
rk/hardware/rk29/camera_vir	rk/Android/35xx_Android14/rk/hardware/rk29/camera_vir
rk/hardware/rk29/fastbootd	rk/Android/35xx_Android14/rk/hardware/rk29/fastbootd
rk/hardware/rk29/gatekeeper	rk/Android/35xx_Android14/rk/hardware/rk29/gatekeeper
rk/hardware/rk29/hdmicec	rk/Android/35xx_Android14/rk/hardware/rk29/hdmicec
rk/hardware/rk29/hw_output	rk/Android/35xx_Android14/rk/hardware/rk29/hw_output
rk/hardware/rk29/keymaster4	rk/Android/35xx_Android14/rk/hardware/rk29/keymaster4
rk/hardware/rk29/libbaseparameter	rk/Android/35xx_Android14/rk/hardware/rk29/libbaseparameter
rk/hardware/rk29/libgraphicpolicy	rk/Android/35xx_Android14/rk/hardware/rk29/libgraphicpolicy
rk/hardware/rk29/libhwjpeg	rk/Android/35xx_Android14/rk/hardware/rk29/libhwjpeg
rk/hardware/rk29/libmemtrack	rk/Android/35xx_Android14/rk/hardware/rk29/libmemtrack
rk/hardware/rk29/librkvpu	rk/Android/35xx_Android14/rk/hardware/rk29/librkvpu
rk/hardware/rk29/lights_aidl	rk/Android/35xx_Android14/rk/hardware/rk29/lights_aidl
rk/hardware/rk29/mpi-mmz	rk/Android/35xx_Android14/rk/hardware/rk29/mpi-mmz
rk/hardware/rk29/optee	rk/Android/35xx_Android14/rk/hardware/rk29/optee
rk/hardware/rk29/outputmanager	rk/Android/35xx_Android14/rk/hardware/rk29/outputmanager
rk/hardware/rk29/power_aidl	rk/Android/35xx_Android14/rk/hardware/rk29/power_aidl
rk/hardware/rk29/sensor	rk/Android/35xx_Android14/rk/hardware/rk29/sensor
rk/hardware/rk29/thermal	rk/Android/35xx_Android14/rk/hardware/rk29/thermal
rk/hardware/rk29/weaver	rk/Android/35xx_Android14/rk/hardware/rk29/weaver
rk/hardware/rk35/camera_aidl	rk/Android/35xx_Android14/rk/hardware/rk35/camera_aidl
rk/hardware/rk35/einkhwc	rk/Android/35xx_Android14/rk/hardware/rk35/einkhwc
rk/hardware/rk35/gadget	rk/Android/35xx_Android14/rk/hardware/rk35/gadget
rk/hardware/rk35/health	rk/Android/35xx_Android14/rk/hardware/rk35/health
rk/hardware/rk35/helper	rk/Android/35xx_Android14/rk/hardware/rk35/helper
rk/hardware/rk35/hwcomposer2	rk/Android/35xx_Android14/rk/hardware/rk35/hwcomposer2
rk/hardware/rk35/hwcomposer3	rk/Android/35xx_Android14/rk/hardware/rk35/hwcomposer3
rk/hardware/rk35/libhardware_rockchip	rk/Android/35xx_Android14/rk/hardware/rk35/libhardware_rockchip
rk/hardware/rk35/otg	rk/Android/35xx_Android14/rk/hardware/rk35/otg
rk/hardware/rk35/tv_input	rk/Android/35xx_Android14/rk/hardware/rk35/tv_input
rk/hardware/rk35/usb	rk/Android/35xx_Android14/rk/hardware/rk35/usb
rk/hardware/rk35/vibrator_aidl	rk/Android/35xx_Android14/rk/hardware/rk35/vibrator_aidl
rk/hardware/rockchip/gnss	rk/Android/35xx_Android14/rk/hardware/rockchip/gnss
rk/hardware/rockchip/hdcp_release	rk/Android/35xx_Android14/rk/hardware/rockchip/hdcp_release
rk/hardware/rockchip/rvcam	rk/Android/35xx_Android14/rk/hardware/rockchip/rvcam
rk/hardware/rockchip/vendor_storage_service	rk/Android/35xx_Android14/rk/hardware/rockchip/vendor_storage_service
rk/hardware/seekwave	rk/Android/35xx_Android14/rk/hardware/seekwave
rk/hwc_proxy_service	rk/Android/35xx_Android14/rk/hwc_proxy_service
rk/kernel	rk/Linux/rk/kernel
rk/libiep	rk/Linux/rk/libiep
rk/libpq-release	rk/Linux/rk/libpq-release
rk/librkcrypto	rk/Linux/rk/librkcrypto
rk/libsvepmemc	rk/Linux/rk/libsvepmemc
rk/libsvepsr	rk/Linux/rk/libsvepsr
rk/libvendor_storage	rk/Linux/rk/libvendor_storage
rk/libvisionpq	rk/Linux/rk/libvisionpq
rk/packages/apps/DisplayAdjust	rk/Android/35xx_Android14/rk/packages/apps/DisplayAdjust
rk/platform/external/abc	rk/Android/35xx_Android14/rk/platform/external/abc
rk/platform/external/io	rk/Android/35xx_Android14/rk/platform/external/io
rk/platform/external/ntfs-3g	rk/Android/35xx_Android14/rk/platform/external/ntfs-3g
rk/platform/external/rk-pcba-test	rk/Android/35xx_Android14/rk/platform/external/rk-pcba-test
rk/platform/external/usb_modeswitch	rk/Android/35xx_Android14/rk/platform/external/usb_modeswitch
rk/platform/system/rk_tee_user	rk/Android/35xx_Android14/rk/platform/system/rk_tee_user
rk/platform/vendor/rockchip/common	rk/Android/35xx_Android14/rk/platform/vendor/rockchip/common
rk/platform/vendor/rockchip/common/vpu	rk/Android/35xx_Android14/rk/platform/vendor/rockchip/common/vpu
rk/platform/vendor/rockchip/hardware	rk/Android/35xx_Android14/rk/platform/vendor/rockchip/hardware
rk/platform/vendor/rockchip/hardware/codec2	rk/Android/35xx_Android14/rk/platform/vendor/rockchip/hardware/codec2
rk/platform/vendor/rockchip/hardware/neuralnetworks	rk/Android/35xx_Android14/rk/platform/vendor/rockchip/hardware/neuralnetworks
rk/platform/vendor/rockchip/hardware/rksoundsetting	rk/Android/35xx_Android14/rk/platform/vendor/rockchip/hardware/rksoundsetting
rk/platform/vendor/rockchip/hardware/rockit	rk/Android/35xx_Android14/rk/platform/vendor/rockchip/hardware/rockit
rk/platform/vendor/rockchip/hardware/tv_input	rk/Android/35xx_Android14/rk/platform/vendor/rockchip/hardware/tv_input
rk/prebuilts/gcc-arm-10.2-2020.11-x86_64-aarch64-none-linux-gnu	rk/Linux/rk/prebuilts/gcc-arm-10.2-2020.11-x86_64-aarch64-none-linux-gnu
rk/prebuilts/gcc-arm-10.2-2020.11-x86_64-arm-none-linux-gnueabihf	rk/Linux/rk/prebuilts/gcc-arm-10.2-2020.11-x86_64-arm-none-linux-gnueabihf
rk/prebuilts/gcc-linaro-6.3.1-2017.05-x86_64_aarch64-linux-gnu	rk/Linux/rk/prebuilts/gcc-linaro-6.3.1-2017.05-x86_64_aarch64-linux-gnu
rk/prebuilts/gcc-linaro-6.3.1-2017.05-x86_64_arm-linux-gnueabihf	rk/Linux/rk/prebuilts/gcc-linaro-6.3.1-2017.05-x86_64_arm-linux-gnueabihf
rk/rkCamera2	rk/Android/35xx_Android14/rk/rkCamera2
rk/rkbin	rk/Linux/rk/rkbin
rk/rknn-toolkit2	rk/Linux/rk/rknn-toolkit2
rk/rknpu2	rk/Linux/rk/rknpu2
rk/rkst	rk/Linux/rk/rkst
rk/rktoolbox	rk/Linux/rk/rktoolbox
rk/u-boot	rk/Linux/rk/u-boot
rk/uvc-gadget	rk/Android/35xx_Android14/rk/uvc-gadget
rk/vman_module	rk/Android/35xx_Android14/rk/vman_module
rtos.rt-thread.docs	rk/Linux/rtos/rt-thread/docs
rtos.rt-thread.rt-thread	rk/Linux/rtos/rt-thread/rt-thread
rtos.rt-thread.rtthread-apps	rk/Linux/rtos/rt-thread/rtthread-apps
toolchain/benchmark	rk/Android/35xx_Android14/toolchain/benchmark
toolchain/pgo-profiles	rk/Android/35xx_Android14/toolchain/pgo-profiles
tools/platform-compat	rk/Android/35xx_Android14/tools/platform-compat
